Workbook

Sheet porovnanie_vsetky_projekty
A1: Porovnanie projektov vystavby BD: BOB vs HMBA
A2: Porovnanie investicie cez BOB a priamo cez HMBA
A4: Vysledky za konsolidovany celok HMBA
A5: Projekt | B5: Cisty cashflow BOB | C5: Cisty cashflow HMBA | D5: Relativna vyhodnost BOB | E5: ROI BOB | F5: ROI HMBA
A6: BD Zitavska | B6: =zitavska_porovnanie!$B$22 -> 764430.61 | C6: =zitavska_porovnanie!$C$22 -> 145649.12 | D6: =zitavska_porovnanie!$C$23 -> 618781.49 | E6: =zitavska_porovnanie!$B$24 -> 0.16543639 | F6: =zitavska_porovnanie!$C$24 -> 0.026013216
A7: BD Antolska | B7: =antolska_porovnanie!$B$22 -> -2943683.7 | C7: =antolska_porovnanie!$C$22 -> -4288881.6 | D7: =antolska_porovnanie!$C$23 -> 1345197.9 | E7: =antolska_porovnanie!$B$24 -> -0.20928201 | F7: =antolska_porovnanie!$C$24 -> -0.2467279
A8: BD Na Vratkach | B8: =navratkach_porovnanie!$B$22 -> 2839222.9 | C8: =navratkach_porovnanie!$C$22 -> -2743242.7 | D8: =navratkach_porovnanie!$C$23 -> 5582465.6 | E8: =navratkach_porovnanie!$B$24 -> 0.062608224 | F8: =navratkach_porovnanie!$C$24 -> -0.049752802
A9: Spolu | B9: =SUM(B6:B8) -> 659969.84 | C9: =SUM(C6:C8) -> -6886475.2 | D9: =SUM(D6:D8) -> 7546445

Sheet zitavska_porovnanie
A1: Vystavba BD Zitavska
A2: Porovnanie investicie cez BOB a priamo cez HMBA
A4: Vysledok za konsolidovany celok HMBA
A5: Sucasne hodnoty financnych tokov | B5: Model BOB | C5: Model HMBA
A6: Vydavky | B6: =B7+B8 -> -6022494.4 | C6: =C7+C8 -> -7128346.6
A7: CAPEX (vystavba + udrzba) | B7: =zitavska_BOB!D21+zitavska_BOB!D22 -> -4620692 | C7: =zitavska_HMBA!D21+zitavska_HMBA!D22 -> -5599043.1
A8: OPEX (udrba + overhead) | B8: =zitavska_BOB!D62+zitavska_BOB!D63 -> -1401802.3 | C8: =zitavska_HMBA!D62+zitavska_HMBA!D63 -> -1529303.5
A9: Prijmy | B9: =B10+B11+B12 -> 4611320.9 | C9: =C10+C11+C12 -> 4917658.1
A10: Cisty prijem z najomneho | B10: =SUM(zitavska_BOB!D27:D28) -> 4917658.1 | C10: =SUM(zitavska_HMBA!D27:D28) -> 4917658.1
A11: Cisty financny tok z kupy bytov (HMBA od BOB) | B11: =zitavska_BOB!D38+zitavska_BOB!D39 -> -236247.13 | C11: 0
A12: Cisty financny tok z poplatku za spravu (HMBA pre BOB) | B12: =zitavska_BOB!D61+zitavska_BOB!D60 -> -70090.115 | C12: 0
A13: Financovanie | B13: =B14+B15+B16+B17 -> 2201569.9 | C13: =SUM(C14:C17) -> 2356337.7
A14: Dotacia a uver SFRB | B14: =zitavska_BOB!D35+zitavska_BOB!D36 -> 3569711.5 | C14: =zitavska_HMBA!D36+zitavska_HMBA!D35 -> 3472355.8
A15: Uvery (bullet aj dlhodoby uver HMBA) | B15: =zitavska_BOB!D34+zitavska_BOB!D37 -> 6623529.4 | C15: =zitavska_HMBA!D34+zitavska_HMBA!D37 -> 1623798.1
A16: Splatky komercnych uverov/uveru HMBA | B16: =zitavska_BOB!D44+zitavska_BOB!D46+zitavska_BOB!D45 -> -6844362.7 | C16: =zitavska_HMBA!D44+zitavska_HMBA!D45+zitavska_HMBA!D46 -> -1623798.1
A17: Splatka SFRB uveru | B17: =zitavska_BOB!D47+zitavska_BOB!D48 -> -1147308.3 | C17: =zitavska_HMBA!D47+zitavska_HMBA!D48 -> -1116018.1
A18: DPH | B18: =SUM(B19:B20) -> -25965.756 | C18: =SUM(C19:C20) -> 0
A19: DPH na vstupe/vystupe | B19: =zitavska_BOB!D24+zitavska_BOB!D40+zitavska_BOB!D64+zitavska_BOB!D65 -> -699731.47 | C19: 0
A20: Vratky DPH | B20: =zitavska_BOB!D51+zitavska_BOB!D66 -> 673765.71 | C20: 0
A22: Cisty financny tok (BOB+HMBA) | B22: =B6+B9+B13+B18 -> 764430.61 | C22: =C6+C9+C13+C18 -> 145649.12
A23: Relativna vyhodnost BOB oproti HMBA | C23: =B22-C22 -> 618781.49
A24: ROI | B24: =-B22/B7 -> 0.16543639 | C24: =-C22/C7 -> 0.026013216

Sheet zitavska_BOB
A1: Genericky investicny CF model
A2: Na jednom harku aby sa dal lahko kopirovat
A4: Predpoklady
A5: Nazov projektu | B5: Zitavska | D5: Pocet bytov (najomne byvanie) | E5: 34 | G5: Urokova sadzba SFRB | H5: 0.01 | J5: Urokova sadzba HMBA | K5: 0.04
A6: Stavebne naklady s DPH | B6: -5300000 | D6: Rozloha bytov (najomne byvanie) | E6: 1875 | G6: Maturita SFRB (roky) | H6: 40 | J6: Maturita HMBA (roky) | K6: 25
A7: Aplikovana sadzba DPH pre stavebne naklady | B7: 0.23 | D7: Jednotkove naklady bez DPH (eur/m2) | E7: =B8/E6 -> -2298.103 | G7: Podiel dotacie/SFRB | H7: 0.4 | J7: Urokova sadzba BOB | K7: 0.06
A8: Stavebne naklady bez DPH | B8: =B6/(1+$B$7) -> -4308943.1 | D8: Podiel bytov vhodnych na dotaciu/SFRB | E8: 1 | G8: Dotacny strop na m2 BOB | H8: 1980 | J8: Maturita BOB (roky, prevadzka) | K8: 25
A9: NFA (m2) | B9: 2663 | G9: Dotacny strop na m2 HMBA | H9: 2140
A11: DPH pre BOB | B11: 0.05 | D11: Najomne bytov/mesiac/m2 | E11: 7 | G11: SFRB+dotacia HMBA model | H11: =MIN(H9,-$E$7)*$E$6*0.9 -> 3611250 | J11: Frekvencia CAPEX obnovy | K11: 10 | M11: Potreba uveru HMBA (HMBA model) | N11: =-B8*(1+$B$12)-H11 -> 1688750
A12: DPH pre HMBA | B12: 0.23 | D12: Najomne nebytov/mesiac/m2 | E12: 2.5 | G12: SFRB+dotacia BOB model | H12: =MIN(H8,-$E$7)*$E$6 -> 3712500 | J12: Percento CAPEX obnovy | K12: 0.05 | M12: Potreba uveru HMBA (BOB model) | N12: =N13-H12 -> 1447137.3
A13: Indexacia najomneho p.a. | B13: 0.02 | D13: Fond oprav mesiac/m2 | E13: 1.5 | G13: Prijem z najomneho 1. rok (vratane fondu oprav, byty) | H13: =(E11+E13)*E6*12 -> 191250 | J13: Tvorba fondu na CAPEX opravy | K13: 0.007 | M13: Kupna cena od BOBu | N13: =(-SUM(E44:AL44)+SUMIFS(E24:AL24,E18:AL18,">0"))*(1+B11)*(1+K14) -> 5159637.3
A14: Trvanie vystavby (roky) | B14: 1.5 | D14: Naklady na spravu a prevadkzu s DPH (/m2/rok) | E14: -11.3 | G14: Prijem z najomneho 1. rok (vratane fondu oprav, nebyty) | H14: =(B9-E6)*E12*12 -> 23640 | J14: Ziskova marza pre BOB | K14: 0.05 | M14: Overhead OPEX pre BOB / byt | N14: -1100
A16: Cashflow
A18: Fazovanie vystavby | E18: =IF(E$19<=ROUNDDOWN($B$14,0),(ROUNDDOWN($B$14,0)/$B$14)/ROUNDDOWN($B$14,0),IF(E$19=ROUNDUP($B$14,0),1-SUM($D$18:D18),0)) -> 0.66666667 | F18: =IF(F$19<=ROUNDDOWN($B$14,0),(ROUNDDOWN($B$14,0)/$B$14)/ROUNDDOWN($B$14,0),IF(F$19=ROUNDUP($B$14,0),1-SUM($D$18:E18),0)) -> 0.33333333 | G18: =IF(G$19<=ROUNDDOWN($B$14,0),(ROUNDDOWN($B$14,0)/$B$14)/ROUNDDOWN($B$14,0),IF(G$19=ROUNDUP($B$14,0),1-SUM($D$18:F18),0)) -> 0 | H18: =IF(H$19<=ROUNDDOWN($B$14,0),(ROUNDDOWN($B$14,0)/$B$14)/ROUNDDOWN($B$14,0),IF(H$19=ROUNDUP($B$14,0),1-SUM($D$18:G18),0)) -> 0 | I18: =IF(I$19<=ROUNDDOWN($B$14,0),(ROUNDDOWN($B$14,0)/$B$14)/ROUNDDOWN($B$14,0),IF(I$19=ROUNDUP($B$14,0),1-SUM($D$18:H18),0)) -> 0 | J18: =IF(J$19<=ROUNDDOWN($B$14,0),(ROUNDDOWN($B$14,0)/$B$14)/ROUNDDOWN($B$14,0),IF(J$19=ROUNDUP($B$14,0),1-SUM($D$18:I18),0)) -> 0 | K18: =IF(K$19<=ROUNDDOWN($B$14,0),(ROUNDDOWN($B$14,0)/$B$14)/ROUNDDOWN($B$14,0),IF(K$19=ROUNDUP($B$14,0),1-SUM($D$18:J18),0)) -> 0 | L18: =IF(L$19<=ROUNDDOWN($B$14,0),(ROUNDDOWN($B$14,0)/$B$14)/ROUNDDOWN($B$14,0),IF(L$19=ROUNDUP($B$14,0),1-SUM($D$18:K18),0)) -> 0 | M18: =IF(M$19<=ROUNDDOWN($B$14,0),(ROUNDDOWN($B$14,0)/$B$14)/ROUNDDOWN($B$14,0),IF(M$19=ROUNDUP($B$14,0),1-SUM($D$18:L18),0)) -> 0
A19: Polozka | B19: Vlastnik polozky | C19: DPH | D19: PV | E19: 1 | F19: 2 | G19: 3 | H19: 4 | I19: 5 | J19: 6 | K19: 7 | L19: 8 | M19: 9 | N19: 10 | O19: 11 | P19: 12 | Q19: 13 | R19: 14 | S19: 15 | T19: 16 | U19: 17 | V19: 18 | W19: 19 | X19: 20 | Y19: 21 | Z19: 22 | AA19: 23 | AB19: 24 | AC19: 25 | AD19: 26 | AE19: 27 | AF19: 28 | AG19: 29 | AH19: 30 | AI19: 31 | AJ19: 32 | AK19: 33 | AL19: 34
A20: Naklady bez DPH
A21: CAPEX vystavba | B21: BOB | C21: TRUE | D21: =E21+NPV($K$5,F21:AK21) -> -4253700.2 | E21: =$B$8*E$18 -> -2872628.7 | F21: =$B$8*F$18 -> -1436314.4 | G21: =$B$8*G$18 -> 0 | H21: =$B$8*H$18 -> 0 | I21: =$B$8*I$18 -> 0 | J21: =$B$8*J$18 -> 0 | K21: =$B$8*K$18 -> 0 | L21: =$B$8*L$18 -> 0 | ... AL21: =$B$8*AL$18 -> 0
A22: CAPEX obnova | B22: HMBA | C22: FALSE | D22: =E22+NPV($K$5,F22:AK22) -> -366991.82 | E22: =IF(E$19<($K$11+ROUNDUP($B$14,0)),0,IF(MOD(E$19-ROUNDUP($B$14,0),$K$11)=0,$B$6*$K$12*POWER(1+$B$13,E$19-ROUNDUP(E$19,0)),0)) -> 0 | F22: =IF(F$19<($K$11+ROUNDUP($B$14,0)),0,IF(MOD(F$19-ROUNDUP($B$14,0),$K$11)=0,$B$6*$K$12*POWER(1+$B$13,F$19-ROUNDUP(F$19,0)),0)) -> 0 | G22: =IF(G$19<($K$11+ROUNDUP($B$14,0)),0,IF(MOD(G$19-ROUNDUP($B$14,0),$K$11)=0,$B$6*$K$12*POWER(1+$B$13,G$19-ROUNDUP(G$19,0)),0)) -> 0 | H22: =IF(H$19<($K$11+ROUNDUP($B$14,0)),0,IF(MOD(H$19-ROUNDUP($B$14,0),$K$11)=0,$B$6*$K$12*POWER(1+$B$13,H$19-ROUNDUP(H$19,0)),0)) -> 0 | I22: =IF(I$19<($K$11+ROUNDUP($B$14,0)),0,IF(MOD(I$19-ROUNDUP($B$14,0),$K$11)=0,$B$6*$K$12*POWER(1+$B$13,I$19-ROUNDUP(I$19,0)),0)) -> 0 | J22: =IF(J$19<($K$11+ROUNDUP($B$14,0)),0,IF(MOD(J$19-ROUNDUP($B$14,0),$K$11)=0,$B$6*$K$12*POWER(1+$B$13,J$19-ROUNDUP(J$19,0)),0)) -> 0 | K22: =IF(K$19<($K$11+ROUNDUP($B$14,0)),0,IF(MOD(K$19-ROUNDUP($B$14,0),$K$11)=0,$B$6*$K$12*POWER(1+$B$13,K$19-ROUNDUP(K$19,0)),0)) -> 0 | L22: =IF(L$19<($K$11+ROUNDUP($B$14,0)),0,IF(MOD(L$19-ROUNDUP($B$14,0),$K$11)=0,$B$6*$K$12*POWER(1+$B$13,L$19-ROUNDUP(L$19,0)),0)) -> 0 | ... AL22: =IF(AL$19<($K$11+ROUNDUP($B$14,0)),0,IF(MOD(AL$19-ROUNDUP($B$14,0),$K$11)=0,$B$6*$K$12*POWER(1+$B$13,AL$19-ROUNDUP(AL$19,0)),0)) -> 0
A24: DPH na vstupe | B24: BOB | D24: =E24+NPV($K$5,F24:AK24) -> -978351.05 | E24: =SUMIFS(E$21:E$23,$C$21:$C$23,TRUE)*$B$12 -> -660704.61 | F24: =SUMIFS(F$21:F$23,$C$21:$C$23,TRUE)*$B$12 -> -330352.3 | G24: =SUMIFS(G$21:G$23,$C$21:$C$23,TRUE)*$B$12 -> 0 | H24: =SUMIFS(H$21:H$23,$C$21:$C$23,TRUE)*$B$12 -> 0 | I24: =SUMIFS(I$21:I$23,$C$21:$C$23,TRUE)*$B$12 -> 0 | J24: =SUMIFS(J$21:J$23,$C$21:$C$23,TRUE)*$B$12 -> 0 | K24: =SUMIFS(K$21:K$23,$C$21:$C$23,TRUE)*$B$12 -> 0 | L24: =SUMIFS(L$21:L$23,$C$21:$C$23,TRUE)*$B$12 -> 0 | ... AL24: =SUMIFS(AL$21:AL$23,$C$21:$C$23,TRUE)*$B$12 -> 0
A26: Najomne a fond oprav
A27: Prijem z najomneho byty | B27: HMBA | C27: FALSE | D27: =E27+NPV($K$5,F27:AK27) -> 4376667.6 | E27: =IF(E19>$B$14,$H$13*POWER(1+$B$13,E$19-$B$14),0)*(1-(($B$14-ROUNDDOWN($B$14,0))*IF(E$19=ROUNDUP($B$14,0),1,0))) -> 0 | F27: =IF(F19>$B$14,$H$13*POWER(1+$B$13,F$19-$B$14),0)*(1-(($B$14-ROUNDDOWN($B$14,0))*IF(F$19=ROUNDUP($B$14,0),1,0))) -> 96576.516 | G27: =IF(G19>$B$14,$H$13*POWER(1+$B$13,G$19-$B$14),0)*(1-(($B$14-ROUNDDOWN($B$14,0))*IF(G$19=ROUNDUP($B$14,0),1,0))) -> 197016.09 | H27: =IF(H19>$B$14,$H$13*POWER(1+$B$13,H$19-$B$14),0)*(1-(($B$14-ROUNDDOWN($B$14,0))*IF(H$19=ROUNDUP($B$14,0),1,0))) -> 200956.41 | I27: =IF(I19>$B$14,$H$13*POWER(1+$B$13,I$19-$B$14),0)*(1-(($B$14-ROUNDDOWN($B$14,0))*IF(I$19=ROUNDUP($B$14,0),1,0))) -> 204975.54 | J27: =IF(J19>$B$14,$H$13*POWER(1+$B$13,J$19-$B$14),0)*(1-(($B$14-ROUNDDOWN($B$14,0))*IF(J$19=ROUNDUP($B$14,0),1,0))) -> 209075.05 | K27: =IF(K19>$B$14,$H$13*POWER(1+$B$13,K$19-$B$14),0)*(1-(($B$14-ROUNDDOWN($B$14,0))*IF(K$19=ROUNDUP($B$14,0),1,0))) -> 213256.55 | L27: =IF(L19>$B$14,$H$13*POWER(1+$B$13,L$19-$B$14),0)*(1-(($B$14-ROUNDDOWN($B$14,0))*IF(L$19=ROUNDUP($B$14,0),1,0))) -> 217521.69 | ... AL27: =IF(AL19>$B$14,$H$13*POWER(1+$B$13,AL$19-$B$14),0)*(1-(($B$14-ROUNDDOWN($B$14,0))*IF(AL$19=ROUNDUP($B$14,0),1,0))) -> 364004.73
A28: Prijem z najomneho nebyty | B28: HMBA | C28: FALSE | D28: =E28+NPV($K$5,F28:AK28) -> 540990.45 | E28: =IF(E19>$B$14,$H$14*POWER(1+$B$13,E$19-$B$14),0)*(1-(($B$14-ROUNDDOWN($B$14,0))*IF(E$19=ROUNDUP($B$14,0),1,0))) -> 0 | F28: =IF(F19>$B$14,$H$14*POWER(1+$B$13,F$19-$B$14),0)*(1-(($B$14-ROUNDDOWN($B$14,0))*IF(F$19=ROUNDUP($B$14,0),1,0))) -> 11937.615 | G28: =IF(G19>$B$14,$H$14*POWER(1+$B$13,G$19-$B$14),0)*(1-(($B$14-ROUNDDOWN($B$14,0))*IF(G$19=ROUNDUP($B$14,0),1,0))) -> 24352.734 | H28: =IF(H19>$B$14,$H$14*POWER(1+$B$13,H$19-$B$14),0)*(1-(($B$14-ROUNDDOWN($B$14,0))*IF(H$19=ROUNDUP($B$14,0),1,0))) -> 24839.789 | I28: =IF(I19>$B$14,$H$14*POWER(1+$B$13,I$19-$B$14),0)*(1-(($B$14-ROUNDDOWN($B$14,0))*IF(I$19=ROUNDUP($B$14,0),1,0))) -> 25336.585 | J28: =IF(J19>$B$14,$H$14*POWER(1+$B$13,J$19-$B$14),0)*(1-(($B$14-ROUNDDOWN($B$14,0))*IF(J$19=ROUNDUP($B$14,0),1,0))) -> 25843.316 | K28: =IF(K19>$B$14,$H$14*POWER(1+$B$13,K$19-$B$14),0)*(1-(($B$14-ROUNDDOWN($B$14,0))*IF(K$19=ROUNDUP($B$14,0),1,0))) -> 26360.183 | L28: =IF(L19>$B$14,$H$14*POWER(1+$B$13,L$19-$B$14),0)*(1-(($B$14-ROUNDDOWN($B$14,0))*IF(L$19=ROUNDUP($B$14,0),1,0))) -> 26887.386 | ... AL28: =IF(AL19>$B$14,$H$14*POWER(1+$B$13,AL$19-$B$14),0)*(1-(($B$14-ROUNDDOWN($B$14,0))*IF(AL$19=ROUNDUP($B$14,0),1,0))) -> 44993.839
A29: Tvorba fondu oprav na CAPEX | C29: FALSE | D29: =E29+NPV($K$5,F29:AK29) -> -867030.33 | E29: =IF(E27>0,$B$6*$K$13*POWER(1+$B$13,E$19-$B$14),0) -> 0 | F29: =IF(F27>0,$B$6*$K$13*POWER(1+$B$13,F$19-$B$14),0) -> -37469.163 | G29: =IF(G27>0,$B$6*$K$13*POWER(1+$B$13,G$19-$B$14),0) -> -38218.547 | H29: =IF(H27>0,$B$6*$K$13*POWER(1+$B$13,H$19-$B$14),0) -> -38982.918 | I29: =IF(I27>0,$B$6*$K$13*POWER(1+$B$13,I$19-$B$14),0) -> -39762.576 | J29: =IF(J27>0,$B$6*$K$13*POWER(1+$B$13,J$19-$B$14),0) -> -40557.827 | K29: =IF(K27>0,$B$6*$K$13*POWER(1+$B$13,K$19-$B$14),0) -> -41368.984 | L29: =IF(L27>0,$B$6*$K$13*POWER(1+$B$13,L$19-$B$14),0) -> -42196.364 | ... AL29: =IF(AL27>0,$B$6*$K$13*POWER(1+$B$13,AL$19-$B$14),0) -> -70612.159
A30: Cerpanie fondu oprav na CAPEX | C30: FALSE | D30: =E30+NPV($K$5,F30:AK30) -> 366991.82 | E30: =-E22 -> 0 | F30: =-F22 -> 0 | G30: =-G22 -> 0 | H30: =-H22 -> 0 | I30: =-I22 -> 0 | J30: =-J22 -> 0 | K30: =-K22 -> 0 | L30: =-L22 -> 0 | ... AL30: =-AL22 -> 0
A31: Zostatok fondu oprav na CAPEX | E31: 0 | F31: =E31-F29-F30 -> 37469.163 | G31: =F31-G29-G30 -> 75687.71 | H31: =G31-H29-H30 -> 114670.63 | I31: =H31-I29-I30 -> 154433.2 | J31: =I31-J29-J30 -> 194991.03 | K31: =J31-K29-K30 -> 236360.01 | L31: =K31-L29-L30 -> 278556.38 | M31: =L31-M29-M30 -> 321596.67 | ... AL31: =AK31-AL29-AL30 -> 932761.95
A33: Financovanie
A34: Cerpanie komercneho uveru (bullet) | B34: BOB | C34: FALSE | D34: =E34+NPV($K$5,F34:AK34) -> 5232051.3 | E34: =IF(E18>0,-E21-E24,0) -> 3533333.3 | F34: =IF(F18>0,-F21-F24,0) -> 1766666.7 | G34: =IF(G18>0,-G21-G24,0) -> 0 | H34: =IF(H18>0,-H21-H24,0) -> 0 | I34: =IF(I18>0,-I21-I24,0) -> 0 | J34: =IF(J18>0,-J21-J24,0) -> 0 | K34: =IF(K18>0,-K21-K24,0) -> 0 | L34: =IF(L18>0,-L21-L24,0) -> 0 | ... AL34: =IF(AL18>0,-AL21-AL24,0) -> 0
A35: Dotacia SFRB | B35: HMBA | C35: FALSE | D35: =E35+NPV($K$5,F35:AK35) -> 1427884.6 | E35: =IF(E$19=ROUNDUP($B$14,0),$H$12*$H$7,0) -> 0 | F35: =IF(F$19=ROUNDUP($B$14,0),$H$12*$H$7,0) -> 1485000 | G35: =IF(G$19=ROUNDUP($B$14,0),$H$12*$H$7,0) -> 0 | H35: =IF(H$19=ROUNDUP($B$14,0),$H$12*$H$7,0) -> 0 | I35: =IF(I$19=ROUNDUP($B$14,0),$H$12*$H$7,0) -> 0 | J35: =IF(J$19=ROUNDUP($B$14,0),$H$12*$H$7,0) -> 0 | K35: =IF(K$19=ROUNDUP($B$14,0),$H$12*$H$7,0) -> 0 | L35: =IF(L$19=ROUNDUP($B$14,0),$H$12*$H$7,0) -> 0 | ... AL35: =IF(AL$19=ROUNDUP($B$14,0),$H$12*$H$7,0) -> 0
A36: Uver SFRB | B36: HMBA | C36: FALSE | D36: =E36+NPV($K$5,F36:AK36) -> 2141826.9 | E36: =IF(E$19=ROUNDUP($B$14,0),$H$12*(1-$H$7),0) -> 0 | F36: =IF(F$19=ROUNDUP($B$14,0),$H$12*(1-$H$7),0) -> 2227500 | G36: =IF(G$19=ROUNDUP($B$14,0),$H$12*(1-$H$7),0) -> 0 | H36: =IF(H$19=ROUNDUP($B$14,0),$H$12*(1-$H$7),0) -> 0 | I36: =IF(I$19=ROUNDUP($B$14,0),$H$12*(1-$H$7),0) -> 0 | J36: =IF(J$19=ROUNDUP($B$14,0),$H$12*(1-$H$7),0) -> 0 | K36: =IF(K$19=ROUNDUP($B$14,0),$H$12*(1-$H$7),0) -> 0 | L36: =IF(L$19=ROUNDUP($B$14,0),$H$12*(1-$H$7),0) -> 0 | ... AL36: =IF(AL$19=ROUNDUP($B$14,0),$H$12*(1-$H$7),0) -> 0
A37: Uver HMBA | B37: HMBA | C37: FALSE | D37: =E37+NPV($K$5,F37:AK37) -> 1391478.1 | E37: =IF(E$19=ROUNDUP($B$14,0),$N$12,0) -> 0 | F37: =IF(F$19=ROUNDUP($B$14,0),$N$12,0) -> 1447137.3 | G37: =IF(G$19=ROUNDUP($B$14,0),$N$12,0) -> 0 | H37: =IF(H$19=ROUNDUP($B$14,0),$N$12,0) -> 0 | I37: =IF(I$19=ROUNDUP($B$14,0),$N$12,0) -> 0 | J37: =IF(J$19=ROUNDUP($B$14,0),$N$12,0) -> 0 | K37: =IF(K$19=ROUNDUP($B$14,0),$N$12,0) -> 0 | L37: =IF(L$19=ROUNDUP($B$14,0),$N$12,0) -> 0 | ... AL37: =IF(AL$19=ROUNDUP($B$14,0),$N$12,0) -> 0
A38: Kupa bytov do vlastnictva HMBA | B38: HMBA | C38: FALSE | D38: =E38+NPV($K$5,F38:AK38) -> -4961189.7 | E38: =IF(E$19=ROUNDUP($B$14,0),-$H$12-$N$12,0) -> 0 | F38: =IF(F$19=ROUNDUP($B$14,0),-$H$12-$N$12,0) -> -5159637.3 | G38: =IF(G$19=ROUNDUP($B$14,0),-$H$12-$N$12,0) -> 0 | H38: =IF(H$19=ROUNDUP($B$14,0),-$H$12-$N$12,0) -> 0 | I38: =IF(I$19=ROUNDUP($B$14,0),-$H$12-$N$12,0) -> 0 | J38: =IF(J$19=ROUNDUP($B$14,0),-$H$12-$N$12,0) -> 0 | K38: =IF(K$19=ROUNDUP($B$14,0),-$H$12-$N$12,0) -> 0 | L38: =IF(L$19=ROUNDUP($B$14,0),-$H$12-$N$12,0) -> 0 | ... AL38: =IF(AL$19=ROUNDUP($B$14,0),-$H$12-$N$12,0) -> 0
A39: Prijem z predaja bytov | B39: BOB | C39: TRUE | D39: =E39+NPV($K$5,F39:AK39) -> 4724942.5 | E39: =-E38/(1+$B$11) -> 0 | F39: =-F38/(1+$B$11) -> 4913940.2 | G39: =-G38/(1+$B$11) -> 0 | H39: =-H38/(1+$B$11) -> 0 | I39: =-I38/(1+$B$11) -> 0 | J39: =-J38/(1+$B$11) -> 0 | K39: =-K38/(1+$B$11) -> 0 | L39: =-L38/(1+$B$11) -> 0 | ... AL39: =-AL38/(1+$B$11) -> 0
A40: DPH na vystupe | B40: BOB | D40: =E40+NPV($K$5,F40:AK40) -> 236247.13 | E40: =SUMIFS(E$34:E$39,$C$34:$C$39,TRUE)*$B$11 -> 0 | F40: =SUMIFS(F$34:F$39,$C$34:$C$39,TRUE)*$B$11 -> 245697.01 | G40: =SUMIFS(G$34:G$39,$C$34:$C$39,TRUE)*$B$11 -> 0 | H40: =SUMIFS(H$34:H$39,$C$34:$C$39,TRUE)*$B$11 -> 0 | I40: =SUMIFS(I$34:I$39,$C$34:$C$39,TRUE)*$B$11 -> 0 | J40: =SUMIFS(J$34:J$39,$C$34:$C$39,TRUE)*$B$11 -> 0 | K40: =SUMIFS(K$34:K$39,$C$34:$C$39,TRUE)*$B$11 -> 0 | L40: =SUMIFS(L$34:L$39,$C$34:$C$39,TRUE)*$B$11 -> 0 | ... AL40: =SUMIFS(AL$34:AL$39,$C$34:$C$39,TRUE)*$B$11 -> 0
A42: Dlhova sluzba
A43: Kapitalizacia urokov komercneho uveru | B43: FALSE | C43: FALSE | E43: =E34*0.5*$K$7*IF(E18=0,0,1) -> 106000 | F43: =(SUM($E$34:E34)+F34*0.5)*$K$7*IF(F18=0,0,1) -> 265000 | G43: =(SUM($E$34:F34)+G34*0.5)*$K$7*IF(G18=0,0,1) -> 0 | H43: =(SUM($E$34:G34)+H34*0.5)*$K$7*IF(H18=0,0,1) -> 0 | I43: =(SUM($E$34:H34)+I34*0.5)*$K$7*IF(I18=0,0,1) -> 0 | J43: =(SUM($E$34:I34)+J34*0.5)*$K$7*IF(J18=0,0,1) -> 0 | K43: =(SUM($E$34:J34)+K34*0.5)*$K$7*IF(K18=0,0,1) -> 0 | L43: =(SUM($E$34:K34)+L34*0.5)*$K$7*IF(L18=0,0,1) -> 0 | M43: =(SUM($E$34:L34)+M34*0.5)*$K$7*IF(M18=0,0,1) -> 0 | ... AL43: =(SUM($E$34:AK34)+AL34*0.5)*$K$7*IF(AL18=0,0,1) -> 0
A44: Splatka komercneho uveru | B44: BOB | C44: FALSE | D44: =E44+NPV($K$5,F44:AK44) -> -5452884.6 | E44: =-IF(E19=ROUNDUP($B$14,0),SUM($E$34:$AL$34,$E$43:$AL$43),0) -> 0 | F44: =-IF(F19=ROUNDUP($B$14,0),SUM($E$34:$AL$34,$E$43:$AL$43),0) -> -5671000 | G44: =-IF(G19=ROUNDUP($B$14,0),SUM($E$34:$AL$34,$E$43:$AL$43),0) -> 0 | H44: =-IF(H19=ROUNDUP($B$14,0),SUM($E$34:$AL$34,$E$43:$AL$43),0) -> 0 | I44: =-IF(I19=ROUNDUP($B$14,0),SUM($E$34:$AL$34,$E$43:$AL$43),0) -> 0 | J44: =-IF(J19=ROUNDUP($B$14,0),SUM($E$34:$AL$34,$E$43:$AL$43),0) -> 0 | K44: =-IF(K19=ROUNDUP($B$14,0),SUM($E$34:$AL$34,$E$43:$AL$43),0) -> 0 | L44: =-IF(L19=ROUNDUP($B$14,0),SUM($E$34:$AL$34,$E$43:$AL$43),0) -> 0 | ... AL44: =-IF(AL19=ROUNDUP($B$14,0),SUM($E$34:$AL$34,$E$43:$AL$43),0) -> 0
A45: Splatka uveru HMBA (istina) | B45: HMBA | C45: FALSE | D45: =E45+NPV($K$5,F45:AK45) -> -803175.97 | E45: =IF(E$19>ROUNDUP($B$14,0),IF(E46<>-0.01,PPMT($K$5,E$19-ROUNDUP($B$14,0),$K$6,$N$12),0.01),0) -> 0 | F45: =IF(F19>ROUNDUP($B$14,0),IF(F46<>-0.01,PPMT($K$5,F$19-ROUNDUP($B$14,0),$K$6,$N$12),0.01),0) -> 0 | G45: =IF(G19>ROUNDUP($B$14,0),IF(G46<>-0.01,PPMT($K$5,G$19-ROUNDUP($B$14,0),$K$6,$N$12),0.01),0) -> -34748.606 | H45: =IF(H19>ROUNDUP($B$14,0),IF(H46<>-0.01,PPMT($K$5,H$19-ROUNDUP($B$14,0),$K$6,$N$12),0.01),0) -> -36138.55 | I45: =IF(I19>ROUNDUP($B$14,0),IF(I46<>-0.01,PPMT($K$5,I$19-ROUNDUP($B$14,0),$K$6,$N$12),0.01),0) -> -37584.092 | J45: =IF(J19>ROUNDUP($B$14,0),IF(J46<>-0.01,PPMT($K$5,J$19-ROUNDUP($B$14,0),$K$6,$N$12),0.01),0) -> -39087.456 | K45: =IF(K19>ROUNDUP($B$14,0),IF(K46<>-0.01,PPMT($K$5,K$19-ROUNDUP($B$14,0),$K$6,$N$12),0.01),0) -> -40650.954 | L45: =IF(L19>ROUNDUP($B$14,0),IF(L46<>-0.01,PPMT($K$5,L$19-ROUNDUP($B$14,0),$K$6,$N$12),0.01),0) -> -42276.992 | M45: =IF(M19>ROUNDUP($B$14,0),IF(M46<>-0.01,PPMT($K$5,M$19-ROUNDUP($B$14,0),$K$6,$N$12),0.01),0) -> -43968.072 | ... AL45: =IF(AL19>ROUNDUP($B$14,0),IF(AL46<>-0.01,PPMT($K$5,AL$19-ROUNDUP($B$14,0),$K$6,$N$12),0.01),0) -> 0.01
A46: Splatka uveru HMBA (uroky) | B46: HMBA | C46: FALSE | D46: =E46+NPV($K$5,F46:AK46) -> -588302.16 | E46: =IF(E$19>ROUNDUP($B$14,0),IFERROR(IPMT($K$5,E$19-ROUNDUP($B$14,0),$K$6,$N$12),-0.01),0) -> 0 | F46: =IF(F$19>ROUNDUP($B$14,0),IFERROR(IPMT($K$5,F$19-ROUNDUP($B$14,0),$K$6,$N$12),-0.01),0) -> 0 | G46: =IF(G$19>ROUNDUP($B$14,0),IFERROR(IPMT($K$5,G$19-ROUNDUP($B$14,0),$K$6,$N$12),-0.01),0) -> -57885.49 | H46: =IF(H$19>ROUNDUP($B$14,0),IFERROR(IPMT($K$5,H$19-ROUNDUP($B$14,0),$K$6,$N$12),-0.01),0) -> -56495.546 | I46: =IF(I$19>ROUNDUP($B$14,0),IFERROR(IPMT($K$5,I$19-ROUNDUP($B$14,0),$K$6,$N$12),-0.01),0) -> -55050.004 | J46: =IF(J$19>ROUNDUP($B$14,0),IFERROR(IPMT($K$5,J$19-ROUNDUP($B$14,0),$K$6,$N$12),-0.01),0) -> -53546.64 | K46: =IF(K$19>ROUNDUP($B$14,0),IFERROR(IPMT($K$5,K$19-ROUNDUP($B$14,0),$K$6,$N$12),-0.01),0) -> -51983.142 | L46: =IF(L$19>ROUNDUP($B$14,0),IFERROR(IPMT($K$5,L$19-ROUNDUP($B$14,0),$K$6,$N$12),-0.01),0) -> -50357.104 | ... AL46: =IF(AL$19>ROUNDUP($B$14,0),IFERROR(IPMT($K$5,AL$19-ROUNDUP($B$14,0),$K$6,$N$12),-0.01),0) -> -0.01
A47: Splatka uveru SFRB (istina) | B47: HMBA | C47: FALSE | D47: =E47+NPV($K$5,F47:AK47) -> -871019.51 | E47: =IF(E$19>ROUNDUP($B$14,0),IF(E48<>-0.01,PPMT($H$5,E$19-ROUNDUP($B$14,0),$H$6,$H$12*(1-$H$7)),0.01),0) -> 0 | F47: =IF(F$19>ROUNDUP($B$14,0),IF(F48<>-0.01,PPMT($H$5,F$19-ROUNDUP($B$14,0),$H$6,$H$12*(1-$H$7)),0.01),0) -> 0 | G47: =IF(G$19>ROUNDUP($B$14,0),IF(G48<>-0.01,PPMT($H$5,G$19-ROUNDUP($B$14,0),$H$6,$H$12*(1-$H$7)),0.01),0) -> -45564.844 | H47: =IF(H$19>ROUNDUP($B$14,0),IF(H48<>-0.01,PPMT($H$5,H$19-ROUNDUP($B$14,0),$H$6,$H$12*(1-$H$7)),0.01),0) -> -46020.493 | I47: =IF(I$19>ROUNDUP($B$14,0),IF(I48<>-0.01,PPMT($H$5,I$19-ROUNDUP($B$14,0),$H$6,$H$12*(1-$H$7)),0.01),0) -> -46480.698 | J47: =IF(J$19>ROUNDUP($B$14,0),IF(J48<>-0.01,PPMT($H$5,J$19-ROUNDUP($B$14,0),$H$6,$H$12*(1-$H$7)),0.01),0) -> -46945.505 | K47: =IF(K$19>ROUNDUP($B$14,0),IF(K48<>-0.01,PPMT($H$5,K$19-ROUNDUP($B$14,0),$H$6,$H$12*(1-$H$7)),0.01),0) -> -47414.96 | L47: =IF(L$19>ROUNDUP($B$14,0),IF(L48<>-0.01,PPMT($H$5,L$19-ROUNDUP($B$14,0),$H$6,$H$12*(1-$H$7)),0.01),0) -> -47889.109 | ... AL47: =IF(AL$19>ROUNDUP($B$14,0),IF(AL48<>-0.01,PPMT($H$5,AL$19-ROUNDUP($B$14,0),$H$6,$H$12*(1-$H$7)),0.01),0) -> -62028.671
A48: Splatka uveru SFRB (uroky) | B48: HMBA | C48: FALSE | D48: =E48+NPV($K$5,F48:AK48) -> -276288.83 | E48: =IF(E$19>ROUNDUP($B$14,0),IFERROR(IPMT($H$5,E$19-ROUNDUP($B$14,0),$H$6,$H$12*(1-$H$7)),-0.01),0) -> 0 | F48: =IF(F$19>ROUNDUP($B$14,0),IFERROR(IPMT($H$5,F$19-ROUNDUP($B$14,0),$H$6,$H$12*(1-$H$7)),-0.01),0) -> 0 | G48: =IF(G$19>ROUNDUP($B$14,0),IFERROR(IPMT($H$5,G$19-ROUNDUP($B$14,0),$H$6,$H$12*(1-$H$7)),-0.01),0) -> -22275 | H48: =IF(H$19>ROUNDUP($B$14,0),IFERROR(IPMT($H$5,H$19-ROUNDUP($B$14,0),$H$6,$H$12*(1-$H$7)),-0.01),0) -> -21819.352 | I48: =IF(I$19>ROUNDUP($B$14,0),IFERROR(IPMT($H$5,I$19-ROUNDUP($B$14,0),$H$6,$H$12*(1-$H$7)),-0.01),0) -> -21359.147 | J48: =IF(J$19>ROUNDUP($B$14,0),IFERROR(IPMT($H$5,J$19-ROUNDUP($B$14,0),$H$6,$H$12*(1-$H$7)),-0.01),0) -> -20894.34 | K48: =IF(K$19>ROUNDUP($B$14,0),IFERROR(IPMT($H$5,K$19-ROUNDUP($B$14,0),$H$6,$H$12*(1-$H$7)),-0.01),0) -> -20424.885 | L48: =IF(L$19>ROUNDUP($B$14,0),IFERROR(IPMT($H$5,L$19-ROUNDUP($B$14,0),$H$6,$H$12*(1-$H$7)),-0.01),0) -> -19950.735 | ... AL48: =IF(AL$19>ROUNDUP($B$14,0),IFERROR(IPMT($H$5,AL$19-ROUNDUP($B$14,0),$H$6,$H$12*(1-$H$7)),-0.01),0) -> -5811.173
A50: Prevadzkovy uver BOB (refinanc bulletu)
A51: DPH vratka/platba | C51: FALSE | D51: =E51+NPV($K$5,F51:AK51) -> 713561.47 | E51: 0 | F51: =-E24-E40 -> 660704.61 | G51: =-F24-F40 -> 84655.291 | H51: =-G24-G40 -> 0 | I51: =-H24-H40 -> 0 | J51: =-I24-I40 -> 0 | K51: =-J24-J40 -> 0 | L51: =-K24-K40 -> 0 | M51: =-L24-L40 -> 0 | ... AL51: =-AK24-AK40 -> 0
A52: Cashflow pocas vystavby | B52: BOB | C52: FALSE | D52: =E52+NPV($K$5,F52:AK52) -> 5674751.1 | E52: =SUMIFS(E$21:E$40,$B$21:$B$40,$B52)+E51 -> 0 | F52: =SUMIFS(F$21:F$40,$B$21:$B$40,$B52)+F51 -> 5820341.9 | G52: =SUMIFS(G$21:G$40,$B$21:$B$40,$B52)+G51 -> 84655.291 | H52: =SUMIFS(H$21:H$40,$B$21:$B$40,$B52)+H51 -> 0 | I52: =SUMIFS(I$21:I$40,$B$21:$B$40,$B52)+I51 -> 0 | J52: =SUMIFS(J$21:J$40,$B$21:$B$40,$B52)+J51 -> 0 | K52: =SUMIFS(K$21:K$40,$B$21:$B$40,$B52)+K51 -> 0 | L52: =SUMIFS(L$21:L$40,$B$21:$B$40,$B52)+L51 -> 0 | ... AL52: =SUMIFS(AL$21:AL$40,$B$21:$B$40,$B52)+AL51 -> 0
A53: Nacerpanie uveru | B53: BOB | C53: FALSE | D53: =E53+NPV($K$5,F53:AK53) -> 0 | E53: =IF(E19=ROUNDUP($B$14,0),-MIN(0,E52+E44),0) -> 0 | F53: =IF(F19=ROUNDUP($B$14,0),-MIN(0,F52+F44),0) -> 0 | G53: =IF(G19=ROUNDUP($B$14,0),-MIN(0,G52+G44),0) -> 0 | H53: =IF(H19=ROUNDUP($B$14,0),-MIN(0,H52+H44),0) -> 0 | I53: =IF(I19=ROUNDUP($B$14,0),-MIN(0,I52+I44),0) -> 0 | J53: =IF(J19=ROUNDUP($B$14,0),-MIN(0,J52+J44),0) -> 0 | K53: =IF(K19=ROUNDUP($B$14,0),-MIN(0,K52+K44),0) -> 0 | L53: =IF(L19=ROUNDUP($B$14,0),-MIN(0,L52+L44),0) -> 0 | ... AL53: =IF(AL19=ROUNDUP($B$14,0),-MIN(0,AL52+AL44),0) -> 0
A54: Splatka uveru BOB (istina) | B54: BOB | C54: FALSE | D54: =E54+NPV($K$5,F54:AK54) -> 0.018907823 | E54: =IF(E$19>ROUNDUP($B$14,0),IF(E55<>-0.01,PPMT($K$7,E$19-ROUNDUP($B$14,0),$K$8,SUM($E$53:$AL$53)),0.01),0) -> 0 | F54: =IF(F$19>ROUNDUP($B$14,0),IF(F55<>-0.01,PPMT($K$7,F$19-ROUNDUP($B$14,0),$K$8,SUM($E$53:$AL$53)),0.01),0) -> 0 | G54: =IF(G$19>ROUNDUP($B$14,0),IF(G55<>-0.01,PPMT($K$7,G$19-ROUNDUP($B$14,0),$K$8,SUM($E$53:$AL$53)),0.01),0) -> 0 | H54: =IF(H$19>ROUNDUP($B$14,0),IF(H55<>-0.01,PPMT($K$7,H$19-ROUNDUP($B$14,0),$K$8,SUM($E$53:$AL$53)),0.01),0) -> 0 | I54: =IF(I$19>ROUNDUP($B$14,0),IF(I55<>-0.01,PPMT($K$7,I$19-ROUNDUP($B$14,0),$K$8,SUM($E$53:$AL$53)),0.01),0) -> 0 | J54: =IF(J$19>ROUNDUP($B$14,0),IF(J55<>-0.01,PPMT($K$7,J$19-ROUNDUP($B$14,0),$K$8,SUM($E$53:$AL$53)),0.01),0) -> 0 | K54: =IF(K$19>ROUNDUP($B$14,0),IF(K55<>-0.01,PPMT($K$7,K$19-ROUNDUP($B$14,0),$K$8,SUM($E$53:$AL$53)),0.01),0) -> 0 | L54: =IF(L$19>ROUNDUP($B$14,0),IF(L55<>-0.01,PPMT($K$7,L$19-ROUNDUP($B$14,0),$K$8,SUM($E$53:$AL$53)),0.01),0) -> 0 | ... AL54: =IF(AL$19>ROUNDUP($B$14,0),IF(AL55<>-0.01,PPMT($K$7,AL$19-ROUNDUP($B$14,0),$K$8,SUM($E$53:$AL$53)),0.01),0) -> 0.01
A55: Splatka uveru BOB (urok) | B55: BOB | C55: FALSE | D55: =E55+NPV($K$5,F55:AK55) -> -0.018907823 | E55: =IF(E$19>ROUNDUP($B$14,0),IFERROR(IPMT($K$7,E$19-ROUNDUP($B$14,0),$K$8,SUM($E$53:$AL$53)),-0.01),0) -> 0 | F55: =IF(F$19>ROUNDUP($B$14,0),IFERROR(IPMT($K$7,F$19-ROUNDUP($B$14,0),$K$8,SUM($E$53:$AL$53)),-0.01),0) -> 0 | G55: =IF(G$19>ROUNDUP($B$14,0),IFERROR(IPMT($K$7,G$19-ROUNDUP($B$14,0),$K$8,SUM($E$53:$AL$53)),-0.01),0) -> 0 | H55: =IF(H$19>ROUNDUP($B$14,0),IFERROR(IPMT($K$7,H$19-ROUNDUP($B$14,0),$K$8,SUM($E$53:$AL$53)),-0.01),0) -> 0 | I55: =IF(I$19>ROUNDUP($B$14,0),IFERROR(IPMT($K$7,I$19-ROUNDUP($B$14,0),$K$8,SUM($E$53:$AL$53)),-0.01),0) -> 0 | J55: =IF(J$19>ROUNDUP($B$14,0),IFERROR(IPMT($K$7,J$19-ROUNDUP($B$14,0),$K$8,SUM($E$53:$AL$53)),-0.01),0) -> 0 | K55: =IF(K$19>ROUNDUP($B$14,0),IFERROR(IPMT($K$7,K$19-ROUNDUP($B$14,0),$K$8,SUM($E$53:$AL$53)),-0.01),0) -> 0 | L55: =IF(L$19>ROUNDUP($B$14,0),IFERROR(IPMT($K$7,L$19-ROUNDUP($B$14,0),$K$8,SUM($E$53:$AL$53)),-0.01),0) -> 0 | ... AL55: =IF(AL$19>ROUNDUP($B$14,0),IFERROR(IPMT($K$7,AL$19-ROUNDUP($B$14,0),$K$8,SUM($E$53:$AL$53)),-0.01),0) -> -0.01
A57: OPEX
A58: Cashflow pred platbou | B58: BOB | C58: FALSE | D58: =E58+NPV($K$5,F58:AK58) -> 221866.52 | E58: =SUMIFS(E$52:E$55,$B$52:$B$55,$B$58)+SUMIFS(E$44:E$48,$B$44:$B$48,$B$58) -> 0 | F58: =SUMIFS(F$52:F$55,$B$52:$B$55,$B$58)+SUMIFS(F$44:F$48,$B$44:$B$48,$B$58) -> 149341.86 | G58: =SUMIFS(G$52:G$55,$B$52:$B$55,$B$58)+SUMIFS(G$44:G$48,$B$44:$B$48,$B$58) -> 84655.291 | H58: =SUMIFS(H$52:H$55,$B$52:$B$55,$B$58)+SUMIFS(H$44:H$48,$B$44:$B$48,$B$58) -> 0 | I58: =SUMIFS(I$52:I$55,$B$52:$B$55,$B$58)+SUMIFS(I$44:I$48,$B$44:$B$48,$B$58) -> 0 | J58: =SUMIFS(J$52:J$55,$B$52:$B$55,$B$58)+SUMIFS(J$44:J$48,$B$44:$B$48,$B$58) -> 0 | K58: =SUMIFS(K$52:K$55,$B$52:$B$55,$B$58)+SUMIFS(K$44:K$48,$B$44:$B$48,$B$58) -> 0 | L58: =SUMIFS(L$52:L$55,$B$52:$B$55,$B$58)+SUMIFS(L$44:L$48,$B$44:$B$48,$B$58) -> 0 | ... AL58: =SUMIFS(AL$52:AL$55,$B$52:$B$55,$B$58)+SUMIFS(AL$44:AL$48,$B$44:$B$48,$B$58) -> 0
A59: Cashflow pred platbou | B59: HMBA | C59: FALSE | D59: =E59+NPV($K$5,F59:AK59) -> 2011879.8 | E59: =SUMIFS(E$21:E$48,$B$21:$B$48,$B$59) -> 0 | F59: =SUMIFS(F$21:F$48,$B$21:$B$48,$B$59) -> 108514.13 | G59: =SUMIFS(G$21:G$48,$B$21:$B$48,$B$59) -> 60894.886 | H59: =SUMIFS(H$21:H$48,$B$21:$B$48,$B$59) -> 65322.263 | I59: =SUMIFS(I$21:I$48,$B$21:$B$48,$B$59) -> 69838.187 | J59: =SUMIFS(J$21:J$48,$B$21:$B$48,$B$59) -> 74444.429 | K59: =SUMIFS(K$21:K$48,$B$21:$B$48,$B$59) -> 79142.797 | L59: =SUMIFS(L$21:L$48,$B$21:$B$48,$B$59) -> 83935.131 | ... AL59: =SUMIFS(AL$21:AL$48,$B$21:$B$48,$B$59) -> 341158.72
A60: Poplatok za spravu (platba od HMBA) | B60: HMBA | C60: FALSE | D60: =E60+NPV($K$5,F60:AK60) -> -1471892.4 | E60: =IF(E$18=0,E58,IF(F$18=0,(F58/(1+$B$13))*(ROUNDUP($B$14,0)-$B$14),0))*(1+$K$14) -> 0 | F60: =(F62+F63)*(1+$K$14) -> -32479.104 | G60: =(G62+G63)*(1+$K$14) -> -66257.371 | H60: =(H62+H63)*(1+$K$14) -> -67582.519 | I60: =(I62+I63)*(1+$K$14) -> -68934.169 | J60: =(J62+J63)*(1+$K$14) -> -70312.853 | K60: =(K62+K63)*(1+$K$14) -> -71719.11 | L60: =(L62+L63)*(1+$K$14) -> -73153.492 | M60: =(M62+M63)*(1+$K$14) -> -74616.562 | ... AL60: =(AL62+AL63)*(1+$K$14) -> -122416.38
A61: Prijem poplatku za spravu | B61: BOB | C61: TRUE | D61: =E61+NPV($K$5,F61:AK61) -> 1401802.3 | E61: =-E60/(1+$B$11) -> 0 | F61: =-F60/(1+$B$11) -> 30932.48 | G61: =-G60/(1+$B$11) -> 63102.259 | H61: =-H60/(1+$B$11) -> 64364.304 | I61: =-I60/(1+$B$11) -> 65651.59 | J61: =-J60/(1+$B$11) -> 66964.622 | K61: =-K60/(1+$B$11) -> 68303.914 | L61: =-L60/(1+$B$11) -> 69669.992 | ... AL61: =-AL60/(1+$B$11) -> 116587.03
A62: Naklady (udrzba bytov) | B62: BOB | C62: TRUE | D62: =E62+NPV($K$5,F62:AK62) -> -554353.17 | E62: =IF(E19>$B$14,$E$14*$B$9*POWER(1+$B$13,E$19-ROUNDUP($B$14,0)),0)*IF(E$18=0,1,ROUNDUP($B$14,0)-$B$14)*IF($C62,1/(1+$B$7),1) -> 0 | F62: =IF(F19>$B$14,$E$14*$B$9*POWER(1+$B$13,F$19-ROUNDUP($B$14,0)),0)*IF(F$18=0,1,ROUNDUP($B$14,0)-$B$14)*IF($C62,1/(1+$B$7),1) -> -12232.48 | G62: =IF(G19>$B$14,$E$14*$B$9*POWER(1+$B$13,G$19-ROUNDUP($B$14,0)),0)*IF(G$18=0,1,ROUNDUP($B$14,0)-$B$14)*IF($C62,1/(1+$B$7),1) -> -24954.259 | H62: =IF(H19>$B$14,$E$14*$B$9*POWER(1+$B$13,H$19-ROUNDUP($B$14,0)),0)*IF(H$18=0,1,ROUNDUP($B$14,0)-$B$14)*IF($C62,1/(1+$B$7),1) -> -25453.344 | I62: =IF(I19>$B$14,$E$14*$B$9*POWER(1+$B$13,I$19-ROUNDUP($B$14,0)),0)*IF(I$18=0,1,ROUNDUP($B$14,0)-$B$14)*IF($C62,1/(1+$B$7),1) -> -25962.411 | J62: =IF(J19>$B$14,$E$14*$B$9*POWER(1+$B$13,J$19-ROUNDUP($B$14,0)),0)*IF(J$18=0,1,ROUNDUP($B$14,0)-$B$14)*IF($C62,1/(1+$B$7),1) -> -26481.659 | K62: =IF(K19>$B$14,$E$14*$B$9*POWER(1+$B$13,K$19-ROUNDUP($B$14,0)),0)*IF(K$18=0,1,ROUNDUP($B$14,0)-$B$14)*IF($C62,1/(1+$B$7),1) -> -27011.292 | L62: =IF(L19>$B$14,$E$14*$B$9*POWER(1+$B$13,L$19-ROUNDUP($B$14,0)),0)*IF(L$18=0,1,ROUNDUP($B$14,0)-$B$14)*IF($C62,1/(1+$B$7),1) -> -27551.518 | ... AL62: =IF(AL19>$B$14,$E$14*$B$9*POWER(1+$B$13,AL$19-ROUNDUP($B$14,0)),0)*IF(AL$18=0,1,ROUNDUP($B$14,0)-$B$14)*IF($C62,1/(1+$B$7),1) -> -46105.209
A63: Naklady (overhead) | B63: BOB | C63: FALSE | D63: =E63+NPV($K$5,F63:AK63) -> -847449.14 | E63: =IF(E19>$B$14,$N$14*$E$5*POWER(1+$B$13,E$19-ROUNDUP($B$14,0)),0)*IF(E$18=0,1,ROUNDUP($B$14,0)-$B$14) -> 0 | F63: =IF(F19>$B$14,$N$14*$E$5*POWER(1+$B$13,F$19-ROUNDUP($B$14,0)),0)*IF(F$18=0,1,ROUNDUP($B$14,0)-$B$14) -> -18700 | G63: =IF(G19>$B$14,$N$14*$E$5*POWER(1+$B$13,G$19-ROUNDUP($B$14,0)),0)*IF(G$18=0,1,ROUNDUP($B$14,0)-$B$14) -> -38148 | H63: =IF(H19>$B$14,$N$14*$E$5*POWER(1+$B$13,H$19-ROUNDUP($B$14,0)),0)*IF(H$18=0,1,ROUNDUP($B$14,0)-$B$14) -> -38910.96 | I63: =IF(I19>$B$14,$N$14*$E$5*POWER(1+$B$13,I$19-ROUNDUP($B$14,0)),0)*IF(I$18=0,1,ROUNDUP($B$14,0)-$B$14) -> -39689.179 | J63: =IF(J19>$B$14,$N$14*$E$5*POWER(1+$B$13,J$19-ROUNDUP($B$14,0)),0)*IF(J$18=0,1,ROUNDUP($B$14,0)-$B$14) -> -40482.963 | K63: =IF(K19>$B$14,$N$14*$E$5*POWER(1+$B$13,K$19-ROUNDUP($B$14,0)),0)*IF(K$18=0,1,ROUNDUP($B$14,0)-$B$14) -> -41292.622 | L63: =IF(L19>$B$14,$N$14*$E$5*POWER(1+$B$13,L$19-ROUNDUP($B$14,0)),0)*IF(L$18=0,1,ROUNDUP($B$14,0)-$B$14) -> -42118.474 | ... AL63: =IF(AL19>$B$14,$N$14*$E$5*POWER(1+$B$13,AL$19-ROUNDUP($B$14,0)),0)*IF(AL$18=0,1,ROUNDUP($B$14,0)-$B$14) -> -70481.818
A64: DPH na vystupe | B64: BOB | D64: =E64+NPV($K$5,F64:AK64) -> 70090.115 | E64: =E61*$B$11 -> 0 | F64: =F61*$B$11 -> 1546.624 | G64: =G61*$B$11 -> 3155.1129 | H64: =H61*$B$11 -> 3218.2152 | I64: =I61*$B$11 -> 3282.5795 | J64: =J61*$B$11 -> 3348.2311 | K64: =K61*$B$11 -> 3415.1957 | L64: =L61*$B$11 -> 3483.4996 | ... AL64: =AL61*$B$11 -> 5829.3514
A65: DPH na vstupe | B65: BOB | D65: =E65+NPV($K$5,F65:AK65) -> -27717.659 | E65: =E62*$B$11 -> 0 | F65: =F62*$B$11 -> -611.62398 | G65: =G62*$B$11 -> -1247.7129 | H65: =H62*$B$11 -> -1272.6672 | I65: =I62*$B$11 -> -1298.1205 | J65: =J62*$B$11 -> -1324.0829 | K65: =K62*$B$11 -> -1350.5646 | L65: =L62*$B$11 -> -1377.5759 | ... AL65: =AL62*$B$11 -> -2305.2604
A66: Vratky DPH | B66: BOB | D66: =E66+NPV($K$5,F66:AK66) -> -39795.754 | E66: 0 | F66: =-E65-E64 -> 0 | G66: =-F65-F64 -> -935 | H66: =-G65-G64 -> -1907.4 | I66: =-H65-H64 -> -1945.548 | J66: =-I65-I64 -> -1984.459 | K66: =-J65-J64 -> -2024.1481 | L66: =-K65-K64 -> -2064.6311 | M66: =-L65-L64 -> -2105.9237 | ... AL66: =-AK65-AK64 -> -3454.9911
A67: Cashflow po platbe | B67: BOB | D67: =E67+NPV($K$5,F67:AK67) -> 224443.22 | E67: =SUMIFS(E$58:E$65,$B$58:$B$65,$B67) -> 0 | F67: =SUMIFS(F$58:F$65,$B$58:$B$65,$B67)-E65-E64 -> 150276.86 | G67: =SUMIFS(G$58:G$65,$B$58:$B$65,$B67)-F65-F64 -> 85627.691 | H67: =SUMIFS(H$58:H$65,$B$58:$B$65,$B67)-G65-G64 -> 38.148 | I67: =SUMIFS(I$58:I$65,$B$58:$B$65,$B67)-H65-H64 -> 38.91096 | J67: =SUMIFS(J$58:J$65,$B$58:$B$65,$B67)-I65-I64 -> 39.689179 | K67: =SUMIFS(K$58:K$65,$B$58:$B$65,$B67)-J65-J64 -> 40.482963 | L67: =SUMIFS(L$58:L$65,$B$58:$B$65,$B67)-K65-K64 -> 41.292622 | M67: =SUMIFS(M$58:M$65,$B$58:$B$65,$B67)-L65-L64 -> 42.118474 | ... AL67: =SUMIFS(AL$58:AL$65,$B$58:$B$65,$B67)-AK65-AK64 -> 69.099822
A68: Cashflow po platbe | B68: HMBA | D68: =E68+NPV($K$5,F68:AK68) -> 539987.39 | E68: =SUMIFS(E$58:E$65,$B$58:$B$65,$B68) -> 0 | F68: =SUMIFS(F$58:F$65,$B$58:$B$65,$B68) -> 76035.027 | G68: =SUMIFS(G$58:G$65,$B$58:$B$65,$B68) -> -5362.4853 | H68: =SUMIFS(H$58:H$65,$B$58:$B$65,$B68) -> -2260.2562 | I68: =SUMIFS(I$58:I$65,$B$58:$B$65,$B68) -> 904.01751 | J68: =SUMIFS(J$58:J$65,$B$58:$B$65,$B68) -> 4131.5767 | K68: =SUMIFS(K$58:K$65,$B$58:$B$65,$B68) -> 7423.687 | L68: =SUMIFS(L$58:L$65,$B$58:$B$65,$B68) -> 10781.64 | ... AL68: =SUMIFS(AL$58:AL$65,$B$58:$B$65,$B68) -> 218742.35

Sheet zitavska_HMBA
A1: Genericky investicny CF model
A2: Na jednom harku aby sa dal lahko kopirovat
A4: Predpoklady
A5: Nazov projektu | B5: Zitavska | D5: Pocet bytov (najomne byvanie) | E5: 34 | G5: Urokova sadzba SFRB | H5: 0.01 | J5: Urokova sadzba HMBA | K5: 0.04
A6: Stavebne naklady s DPH | B6: -5300000 | D6: Rozloha bytov (najomne byvanie) | E6: 1875 | G6: Maturita SFRB (roky) | H6: 40 | J6: Maturita HMBA (roky) | K6: 25
A7: Aplikovana sadzba DPH pre stavebne naklady | B7: 0.23 | D7: Jednotkove naklady bez DPH (eur/m2) | E7: =B8/E6 -> -2298.103 | G7: Podiel dotacie/SFRB | H7: 0.4 | J7: Urokova sadzba BOB | K7: 0.06
A8: Stavebne naklady bez DPH | B8: =B6/(1+$B$7) -> -4308943.1 | D8: Podiel bytov vhodnych na dotaciu/SFRB | E8: 1 | G8: Dotacny strop na m2 BOB | H8: 1980 | J8: Maturita BOB (roky, prevadzka) | K8: 25
A9: Investor | B9: HMBA | D9: NFA (m2) | E9: 2663 | G9: Dotacny strop na m2 HMBA | H9: 2140
M10: Relevantny HMBA uver | N10: =IF($B$9="BOB",N12,N11) -> 1688750
A11: DPH pre BOB | B11: 0.05 | D11: Najomne bytov/mesiac/m2 | E11: 7 | G11: SFRB+dotacia HMBA model | H11: =MIN(H9,-$E$7)*$E$6*0.9 -> 3611250 | J11: Frekvencia CAPEX obnovy | K11: 10 | M11: Potreba uveru HMBA (HMBA model) | N11: =-B8*(1+$B$12)-H11 -> 1688750
A12: DPH pre HMBA | B12: 0.23 | D12: Najomne nebytov/mesiac/m2 | E12: 2.5 | G12: SFRB+dotacia BOB model | H12: =MIN(H8,-$E$7)*$E$6 -> 3712500 | J12: Percento CAPEX obnovy | K12: 0.05 | M12: Potreba uveru HMBA (BOB model) | N12: =MAX(N13-H12,0) -> 0
A13: Indexacia najomneho p.a. | B13: 0.02 | D13: Fond oprav mesiac/m2 | E13: 1.5 | G13: Prijem z najomneho 1. rok (vratane fondu oprav, byty) | H13: =(E11+E13)*E6*12 -> 191250 | J13: Tvorba fondu na CAPEX opravy | K13: 0.007 | M13: Kupna cena od BOBu | N13: =MAX((-SUM(E44:AL44)+SUMIFS(E24:AL24,E18:AL18,">0"))*(1+B11)*(1+K14),0) -> 0
A14: Trvanie vystavby (roky) | B14: 1.5 | D14: Naklady na spravu a prevadkzu s DPH (/m2/rok) | E14: -11.3 | G14: Prijem z najomneho 1. rok (vratane fondu oprav, nebyty) | H14: =(E9-E6)*E12*12 -> 23640 | J14: Ziskova marza pre BOB | K14: 0.05 | M14: Overhead OPEX pre BOB / byt | N14: -1100
A16: Cashflow
A18: Fazovanie vystavby | E18: =IF(E$19<=ROUNDDOWN($B$14,0),(ROUNDDOWN($B$14,0)/$B$14)/ROUNDDOWN($B$14,0),IF(E$19=ROUNDUP($B$14,0),1-SUM($D$18:D18),0)) -> 0.66666667 | F18: =IF(F$19<=ROUNDDOWN($B$14,0),(ROUNDDOWN($B$14,0)/$B$14)/ROUNDDOWN($B$14,0),IF(F$19=ROUNDUP($B$14,0),1-SUM($D$18:E18),0)) -> 0.33333333 | G18: =IF(G$19<=ROUNDDOWN($B$14,0),(ROUNDDOWN($B$14,0)/$B$14)/ROUNDDOWN($B$14,0),IF(G$19=ROUNDUP($B$14,0),1-SUM($D$18:F18),0)) -> 0 | H18: =IF(H$19<=ROUNDDOWN($B$14,0),(ROUNDDOWN($B$14,0)/$B$14)/ROUNDDOWN($B$14,0),IF(H$19=ROUNDUP($B$14,0),1-SUM($D$18:G18),0)) -> 0 | I18: =IF(I$19<=ROUNDDOWN($B$14,0),(ROUNDDOWN($B$14,0)/$B$14)/ROUNDDOWN($B$14,0),IF(I$19=ROUNDUP($B$14,0),1-SUM($D$18:H18),0)) -> 0 | J18: =IF(J$19<=ROUNDDOWN($B$14,0),(ROUNDDOWN($B$14,0)/$B$14)/ROUNDDOWN($B$14,0),IF(J$19=ROUNDUP($B$14,0),1-SUM($D$18:I18),0)) -> 0 | K18: =IF(K$19<=ROUNDDOWN($B$14,0),(ROUNDDOWN($B$14,0)/$B$14)/ROUNDDOWN($B$14,0),IF(K$19=ROUNDUP($B$14,0),1-SUM($D$18:J18),0)) -> 0 | L18: =IF(L$19<=ROUNDDOWN($B$14,0),(ROUNDDOWN($B$14,0)/$B$14)/ROUNDDOWN($B$14,0),IF(L$19=ROUNDUP($B$14,0),1-SUM($D$18:K18),0)) -> 0 | M18: =IF(M$19<=ROUNDDOWN($B$14,0),(ROUNDDOWN($B$14,0)/$B$14)/ROUNDDOWN($B$14,0),IF(M$19=ROUNDUP($B$14,0),1-SUM($D$18:L18),0)) -> 0
A19: Polozka | B19: Vlastnik polozky | C19: DPH | D19: PV | E19: 1 | F19: 2 | G19: 3 | H19: 4 | I19: 5 | J19: 6 | K19: 7 | L19: 8 | M19: 9 | N19: 10 | O19: 11 | P19: 12 | Q19: 13 | R19: 14 | S19: 15 | T19: 16 | U19: 17 | V19: 18 | W19: 19 | X19: 20 | Y19: 21 | Z19: 22 | AA19: 23 | AB19: 24 | AC19: 25 | AD19: 26 | AE19: 27 | AF19: 28 | AG19: 29 | AH19: 30 | AI19: 31 | AJ19: 32 | AK19: 33 | AL19: 34
A20: Naklady bez DPH
A21: CAPEX vystavba | B21: =$B$9 -> HMBA | C21: =B21="BOB" -> FALSE | D21: =E21+NPV($K$5,F21:AK21) -> -5232051.3 | E21: =IF($B21="BOB",$B$8,$B$6)*E$18 -> -3533333.3 | F21: =IF($B21="BOB",$B$8,$B$6)*F$18 -> -1766666.7 | G21: =IF($B21="BOB",$B$8,$B$6)*G$18 -> 0 | H21: =IF($B21="BOB",$B$8,$B$6)*H$18 -> 0 | I21: =IF($B21="BOB",$B$8,$B$6)*I$18 -> 0 | J21: =IF($B21="BOB",$B$8,$B$6)*J$18 -> 0 | K21: =IF($B21="BOB",$B$8,$B$6)*K$18 -> 0 | L21: =IF($B21="BOB",$B$8,$B$6)*L$18 -> 0 | ... AL21: =IF($B21="BOB",$B$8,$B$6)*AL$18 -> 0
A22: CAPEX obnova | B22: HMBA | C22: =B22="BOB" -> FALSE | D22: =E22+NPV($K$5,F22:AK22) -> -366991.82 | E22: =IF(E$19<($K$11+ROUNDUP($B$14,0)),0,IF(MOD(E$19-ROUNDUP($B$14,0),$K$11)=0,$B$6*$K$12*POWER(1+$B$13,E$19-ROUNDUP(E19,0)),0)) -> 0 | F22: =IF(F$19<($K$11+ROUNDUP($B$14,0)),0,IF(MOD(F$19-ROUNDUP($B$14,0),$K$11)=0,$B$6*$K$12*POWER(1+$B$13,F$19-ROUNDUP(F19,0)),0)) -> 0 | G22: =IF(G$19<($K$11+ROUNDUP($B$14,0)),0,IF(MOD(G$19-ROUNDUP($B$14,0),$K$11)=0,$B$6*$K$12*POWER(1+$B$13,G$19-ROUNDUP(G19,0)),0)) -> 0 | H22: =IF(H$19<($K$11+ROUNDUP($B$14,0)),0,IF(MOD(H$19-ROUNDUP($B$14,0),$K$11)=0,$B$6*$K$12*POWER(1+$B$13,H$19-ROUNDUP(H19,0)),0)) -> 0 | I22: =IF(I$19<($K$11+ROUNDUP($B$14,0)),0,IF(MOD(I$19-ROUNDUP($B$14,0),$K$11)=0,$B$6*$K$12*POWER(1+$B$13,I$19-ROUNDUP(I19,0)),0)) -> 0 | J22: =IF(J$19<($K$11+ROUNDUP($B$14,0)),0,IF(MOD(J$19-ROUNDUP($B$14,0),$K$11)=0,$B$6*$K$12*POWER(1+$B$13,J$19-ROUNDUP(J19,0)),0)) -> 0 | K22: =IF(K$19<($K$11+ROUNDUP($B$14,0)),0,IF(MOD(K$19-ROUNDUP($B$14,0),$K$11)=0,$B$6*$K$12*POWER(1+$B$13,K$19-ROUNDUP(K19,0)),0)) -> 0 | L22: =IF(L$19<($K$11+ROUNDUP($B$14,0)),0,IF(MOD(L$19-ROUNDUP($B$14,0),$K$11)=0,$B$6*$K$12*POWER(1+$B$13,L$19-ROUNDUP(L19,0)),0)) -> 0 | ... AL22: =IF(AL$19<($K$11+ROUNDUP($B$14,0)),0,IF(MOD(AL$19-ROUNDUP($B$14,0),$K$11)=0,$B$6*$K$12*POWER(1+$B$13,AL$19-ROUNDUP(AL19,0)),0)) -> 0
A24: DPH na vstupe | B24: BOB | D24: =E24+NPV($K$5,F24:AK24) -> 0 | E24: =SUMIFS(E$21:E$23,$C$21:$C$23,TRUE)*$B$12 -> 0 | F24: =SUMIFS(F$21:F$23,$C$21:$C$23,TRUE)*$B$12 -> 0 | G24: =SUMIFS(G$21:G$23,$C$21:$C$23,TRUE)*$B$12 -> 0 | H24: =SUMIFS(H$21:H$23,$C$21:$C$23,TRUE)*$B$12 -> 0 | I24: =SUMIFS(I$21:I$23,$C$21:$C$23,TRUE)*$B$12 -> 0 | J24: =SUMIFS(J$21:J$23,$C$21:$C$23,TRUE)*$B$12 -> 0 | K24: =SUMIFS(K$21:K$23,$C$21:$C$23,TRUE)*$B$12 -> 0 | L24: =SUMIFS(L$21:L$23,$C$21:$C$23,TRUE)*$B$12 -> 0 | ... AL24: =SUMIFS(AL$21:AL$23,$C$21:$C$23,TRUE)*$B$12 -> 0
A26: Najomne a fond oprav
A27: Prijem z najomneho byty | B27: HMBA | C27: FALSE | D27: =E27+NPV($K$5,F27:AK27) -> 4376667.6 | E27: =IF(E19>$B$14,$H$13*POWER(1+$B$13,E$19-$B$14),0)*(1-(($B$14-ROUNDDOWN($B$14,0))*IF(E$19=ROUNDUP($B$14,0),1,0))) -> 0 | F27: =IF(F19>$B$14,$H$13*POWER(1+$B$13,F$19-$B$14),0)*(1-(($B$14-ROUNDDOWN($B$14,0))*IF(F$19=ROUNDUP($B$14,0),1,0))) -> 96576.516 | G27: =IF(G19>$B$14,$H$13*POWER(1+$B$13,G$19-$B$14),0)*(1-(($B$14-ROUNDDOWN($B$14,0))*IF(G$19=ROUNDUP($B$14,0),1,0))) -> 197016.09 | H27: =IF(H19>$B$14,$H$13*POWER(1+$B$13,H$19-$B$14),0)*(1-(($B$14-ROUNDDOWN($B$14,0))*IF(H$19=ROUNDUP($B$14,0),1,0))) -> 200956.41 | I27: =IF(I19>$B$14,$H$13*POWER(1+$B$13,I$19-$B$14),0)*(1-(($B$14-ROUNDDOWN($B$14,0))*IF(I$19=ROUNDUP($B$14,0),1,0))) -> 204975.54 | J27: =IF(J19>$B$14,$H$13*POWER(1+$B$13,J$19-$B$14),0)*(1-(($B$14-ROUNDDOWN($B$14,0))*IF(J$19=ROUNDUP($B$14,0),1,0))) -> 209075.05 | K27: =IF(K19>$B$14,$H$13*POWER(1+$B$13,K$19-$B$14),0)*(1-(($B$14-ROUNDDOWN($B$14,0))*IF(K$19=ROUNDUP($B$14,0),1,0))) -> 213256.55 | L27: =IF(L19>$B$14,$H$13*POWER(1+$B$13,L$19-$B$14),0)*(1-(($B$14-ROUNDDOWN($B$14,0))*IF(L$19=ROUNDUP($B$14,0),1,0))) -> 217521.69 | ... AL27: =IF(AL19>$B$14,$H$13*POWER(1+$B$13,AL$19-$B$14),0)*(1-(($B$14-ROUNDDOWN($B$14,0))*IF(AL$19=ROUNDUP($B$14,0),1,0))) -> 364004.73
A28: Prijem z najomneho nebyty | B28: HMBA | C28: FALSE | D28: =E28+NPV($K$5,F28:AK28) -> 540990.45 | E28: =IF(E19>$B$14,$H$14*POWER(1+$B$13,E$19-$B$14),0)*(1-(($B$14-ROUNDDOWN($B$14,0))*IF(E$19=ROUNDUP($B$14,0),1,0))) -> 0 | F28: =IF(F19>$B$14,$H$14*POWER(1+$B$13,F$19-$B$14),0)*(1-(($B$14-ROUNDDOWN($B$14,0))*IF(F$19=ROUNDUP($B$14,0),1,0))) -> 11937.615 | G28: =IF(G19>$B$14,$H$14*POWER(1+$B$13,G$19-$B$14),0)*(1-(($B$14-ROUNDDOWN($B$14,0))*IF(G$19=ROUNDUP($B$14,0),1,0))) -> 24352.734 | H28: =IF(H19>$B$14,$H$14*POWER(1+$B$13,H$19-$B$14),0)*(1-(($B$14-ROUNDDOWN($B$14,0))*IF(H$19=ROUNDUP($B$14,0),1,0))) -> 24839.789 | I28: =IF(I19>$B$14,$H$14*POWER(1+$B$13,I$19-$B$14),0)*(1-(($B$14-ROUNDDOWN($B$14,0))*IF(I$19=ROUNDUP($B$14,0),1,0))) -> 25336.585 | J28: =IF(J19>$B$14,$H$14*POWER(1+$B$13,J$19-$B$14),0)*(1-(($B$14-ROUNDDOWN($B$14,0))*IF(J$19=ROUNDUP($B$14,0),1,0))) -> 25843.316 | K28: =IF(K19>$B$14,$H$14*POWER(1+$B$13,K$19-$B$14),0)*(1-(($B$14-ROUNDDOWN($B$14,0))*IF(K$19=ROUNDUP($B$14,0),1,0))) -> 26360.183 | L28: =IF(L19>$B$14,$H$14*POWER(1+$B$13,L$19-$B$14),0)*(1-(($B$14-ROUNDDOWN($B$14,0))*IF(L$19=ROUNDUP($B$14,0),1,0))) -> 26887.386 | ... AL28: =IF(AL19>$B$14,$H$14*POWER(1+$B$13,AL$19-$B$14),0)*(1-(($B$14-ROUNDDOWN($B$14,0))*IF(AL$19=ROUNDUP($B$14,0),1,0))) -> 44993.839
A29: Tvorba fondu oprav na CAPEX | C29: FALSE | D29: =E29+NPV($K$5,F29:AK29) -> -867030.33 | E29: =IF(E27>0,$B$6*$K$13*POWER(1+$B$13,E$19-$B$14),0) -> 0 | F29: =IF(F27>0,$B$6*$K$13*POWER(1+$B$13,F$19-$B$14),0) -> -37469.163 | G29: =IF(G27>0,$B$6*$K$13*POWER(1+$B$13,G$19-$B$14),0) -> -38218.547 | H29: =IF(H27>0,$B$6*$K$13*POWER(1+$B$13,H$19-$B$14),0) -> -38982.918 | I29: =IF(I27>0,$B$6*$K$13*POWER(1+$B$13,I$19-$B$14),0) -> -39762.576 | J29: =IF(J27>0,$B$6*$K$13*POWER(1+$B$13,J$19-$B$14),0) -> -40557.827 | K29: =IF(K27>0,$B$6*$K$13*POWER(1+$B$13,K$19-$B$14),0) -> -41368.984 | L29: =IF(L27>0,$B$6*$K$13*POWER(1+$B$13,L$19-$B$14),0) -> -42196.364 | ... AL29: =IF(AL27>0,$B$6*$K$13*POWER(1+$B$13,AL$19-$B$14),0) -> -70612.159
A30: Cerpanie fondu oprav na CAPEX | C30: FALSE | D30: =E30+NPV($K$5,F30:AK30) -> 366991.82 | E30: =-E22 -> 0 | F30: =-F22 -> 0 | G30: =-G22 -> 0 | H30: =-H22 -> 0 | I30: =-I22 -> 0 | J30: =-J22 -> 0 | K30: =-K22 -> 0 | L30: =-L22 -> 0 | ... AL30: =-AL22 -> 0
A31: Zostatok fondu oprav na CAPEX | E31: 0 | F31: =E31-F29-F30 -> 37469.163 | G31: =F31-G29-G30 -> 75687.71 | H31: =G31-H29-H30 -> 114670.63 | I31: =H31-I29-I30 -> 154433.2 | J31: =I31-J29-J30 -> 194991.03 | K31: =J31-K29-K30 -> 236360.01 | L31: =K31-L29-L30 -> 278556.38 | M31: =L31-M29-M30 -> 321596.67 | ... AL31: =AK31-AL29-AL30 -> 932761.95
A33: Financovanie
A34: Cerpanie komercneho uveru (bullet) | B34: BOB | C34: FALSE | D34: =E34+NPV($K$5,F34:AK34) -> 0 | E34: =IF($B$21="BOB",IF(E18>0,-E21-E24,0),0) -> 0 | F34: =IF($B$21="BOB",IF(F18>0,-F21-F24,0),0) -> 0 | G34: =IF($B$21="BOB",IF(G18>0,-G21-G24,0),0) -> 0 | H34: =IF($B$21="BOB",IF(H18>0,-H21-H24,0),0) -> 0 | I34: =IF($B$21="BOB",IF(I18>0,-I21-I24,0),0) -> 0 | J34: =IF($B$21="BOB",IF(J18>0,-J21-J24,0),0) -> 0 | K34: =IF($B$21="BOB",IF(K18>0,-K21-K24,0),0) -> 0 | L34: =IF($B$21="BOB",IF(L18>0,-L21-L24,0),0) -> 0 | ... AL34: =IF($B$21="BOB",IF(AL18>0,-AL21-AL24,0),0) -> 0
A35: Dotacia SFRB | B35: HMBA | C35: FALSE | D35: =E35+NPV($K$5,F35:AK35) -> 1388942.3 | E35: =IF(E$19=ROUNDUP($B$14,0),IF($B$21="BOB",$H$12,$H$11)*$H$7,0) -> 0 | F35: =IF(F$19=ROUNDUP($B$14,0),IF($B$21="BOB",$H$12,$H$11)*$H$7,0) -> 1444500 | G35: =IF(G$19=ROUNDUP($B$14,0),IF($B$21="BOB",$H$12,$H$11)*$H$7,0) -> 0 | H35: =IF(H$19=ROUNDUP($B$14,0),IF($B$21="BOB",$H$12,$H$11)*$H$7,0) -> 0 | I35: =IF(I$19=ROUNDUP($B$14,0),IF($B$21="BOB",$H$12,$H$11)*$H$7,0) -> 0 | J35: =IF(J$19=ROUNDUP($B$14,0),IF($B$21="BOB",$H$12,$H$11)*$H$7,0) -> 0 | K35: =IF(K$19=ROUNDUP($B$14,0),IF($B$21="BOB",$H$12,$H$11)*$H$7,0) -> 0 | L35: =IF(L$19=ROUNDUP($B$14,0),IF($B$21="BOB",$H$12,$H$11)*$H$7,0) -> 0 | ... AL35: =IF(AL$19=ROUNDUP($B$14,0),IF($B$21="BOB",$H$12,$H$11)*$H$7,0) -> 0
A36: Uver SFRB | B36: HMBA | C36: FALSE | D36: =E36+NPV($K$5,F36:AK36) -> 2083413.5 | E36: =IF(E$19=ROUNDUP($B$14,0),IF($B$21="BOB",$H$12,$H$11)*(1-$H$7),0) -> 0 | F36: =IF(F$19=ROUNDUP($B$14,0),IF($B$21="BOB",$H$12,$H$11)*(1-$H$7),0) -> 2166750 | G36: =IF(G$19=ROUNDUP($B$14,0),IF($B$21="BOB",$H$12,$H$11)*(1-$H$7),0) -> 0 | H36: =IF(H$19=ROUNDUP($B$14,0),IF($B$21="BOB",$H$12,$H$11)*(1-$H$7),0) -> 0 | I36: =IF(I$19=ROUNDUP($B$14,0),IF($B$21="BOB",$H$12,$H$11)*(1-$H$7),0) -> 0 | J36: =IF(J$19=ROUNDUP($B$14,0),IF($B$21="BOB",$H$12,$H$11)*(1-$H$7),0) -> 0 | K36: =IF(K$19=ROUNDUP($B$14,0),IF($B$21="BOB",$H$12,$H$11)*(1-$H$7),0) -> 0 | L36: =IF(L$19=ROUNDUP($B$14,0),IF($B$21="BOB",$H$12,$H$11)*(1-$H$7),0) -> 0 | ... AL36: =IF(AL$19=ROUNDUP($B$14,0),IF($B$21="BOB",$H$12,$H$11)*(1-$H$7),0) -> 0
A37: Uver HMBA | B37: HMBA | C37: FALSE | D37: =E37+NPV($K$5,F37:AK37) -> 1623798.1 | E37: =IF(E$19=ROUNDUP($B$14,0),$N$10,0) -> 0 | F37: =IF(F$19=ROUNDUP($B$14,0),$N$10,0) -> 1688750 | G37: =IF(G$19=ROUNDUP($B$14,0),$N$10,0) -> 0 | H37: =IF(H$19=ROUNDUP($B$14,0),$N$10,0) -> 0 | I37: =IF(I$19=ROUNDUP($B$14,0),$N$10,0) -> 0 | J37: =IF(J$19=ROUNDUP($B$14,0),$N$10,0) -> 0 | K37: =IF(K$19=ROUNDUP($B$14,0),$N$10,0) -> 0 | L37: =IF(L$19=ROUNDUP($B$14,0),$N$10,0) -> 0 | ... AL37: =IF(AL$19=ROUNDUP($B$14,0),$N$10,0) -> 0
A38: Kupa bytov do vlastnictva HMBA | B38: HMBA | C38: FALSE | D38: =E38+NPV($K$5,F38:AK38) -> 0 | E38: =IF($B$21="BOB",IF(E$19=ROUNDUP($B$14,0),-$H$12-$N$12,0),0) -> 0 | F38: =IF($B$21="BOB",IF(F$19=ROUNDUP($B$14,0),-$H$12-$N$12,0),0) -> 0 | G38: =IF($B$21="BOB",IF(G$19=ROUNDUP($B$14,0),-$H$12-$N$12,0),0) -> 0 | H38: =IF($B$21="BOB",IF(H$19=ROUNDUP($B$14,0),-$H$12-$N$12,0),0) -> 0 | I38: =IF($B$21="BOB",IF(I$19=ROUNDUP($B$14,0),-$H$12-$N$12,0),0) -> 0 | J38: =IF($B$21="BOB",IF(J$19=ROUNDUP($B$14,0),-$H$12-$N$12,0),0) -> 0 | K38: =IF($B$21="BOB",IF(K$19=ROUNDUP($B$14,0),-$H$12-$N$12,0),0) -> 0 | L38: =IF($B$21="BOB",IF(L$19=ROUNDUP($B$14,0),-$H$12-$N$12,0),0) -> 0 | ... AL38: =IF($B$21="BOB",IF(AL$19=ROUNDUP($B$14,0),-$H$12-$N$12,0),0) -> 0
A39: Prijem z predaja bytov | B39: BOB | C39: TRUE | D39: =E39+NPV($K$5,F39:AK39) -> 0 | E39: =-E38/(1+$B$11) -> 0 | F39: =-F38/(1+$B$11) -> 0 | G39: =-G38/(1+$B$11) -> 0 | H39: =-H38/(1+$B$11) -> 0 | I39: =-I38/(1+$B$11) -> 0 | J39: =-J38/(1+$B$11) -> 0 | K39: =-K38/(1+$B$11) -> 0 | L39: =-L38/(1+$B$11) -> 0 | ... AL39: =-AL38/(1+$B$11) -> 0
A40: DPH na vystupe | B40: BOB | D40: =E40+NPV($K$5,F40:AK40) -> 0 | E40: =SUMIFS(E$34:E$39,$C$34:$C$39,TRUE)*$B$11 -> 0 | F40: =SUMIFS(F$34:F$39,$C$34:$C$39,TRUE)*$B$11 -> 0 | G40: =SUMIFS(G$34:G$39,$C$34:$C$39,TRUE)*$B$11 -> 0 | H40: =SUMIFS(H$34:H$39,$C$34:$C$39,TRUE)*$B$11 -> 0 | I40: =SUMIFS(I$34:I$39,$C$34:$C$39,TRUE)*$B$11 -> 0 | J40: =SUMIFS(J$34:J$39,$C$34:$C$39,TRUE)*$B$11 -> 0 | K40: =SUMIFS(K$34:K$39,$C$34:$C$39,TRUE)*$B$11 -> 0 | L40: =SUMIFS(L$34:L$39,$C$34:$C$39,TRUE)*$B$11 -> 0 | ... AL40: =SUMIFS(AL$34:AL$39,$C$34:$C$39,TRUE)*$B$11 -> 0
A42: Dlhova sluzba
A43: Kapitalizacia urokov komercneho uveru | B43: FALSE | C43: FALSE | E43: =E34*0.5*$K$7*IF(E18=0,0,1) -> 0 | F43: =(SUM($E$34:E34)+F34*0.5)*$K$7*IF(F18=0,0,1) -> 0 | G43: =(SUM($E$34:F34)+G34*0.5)*$K$7*IF(G18=0,0,1) -> 0 | H43: =(SUM($E$34:G34)+H34*0.5)*$K$7*IF(H18=0,0,1) -> 0 | I43: =(SUM($E$34:H34)+I34*0.5)*$K$7*IF(I18=0,0,1) -> 0 | J43: =(SUM($E$34:I34)+J34*0.5)*$K$7*IF(J18=0,0,1) -> 0 | K43: =(SUM($E$34:J34)+K34*0.5)*$K$7*IF(K18=0,0,1) -> 0 | L43: =(SUM($E$34:K34)+L34*0.5)*$K$7*IF(L18=0,0,1) -> 0 | M43: =(SUM($E$34:L34)+M34*0.5)*$K$7*IF(M18=0,0,1) -> 0 | ... AL43: =(SUM($E$34:AK34)+AL34*0.5)*$K$7*IF(AL18=0,0,1) -> 0
A44: Splatka komercneho uveru | B44: BOB | C44: FALSE | D44: =E44+NPV($K$5,F44:AK44) -> 0 | E44: =-IF(E19=ROUNDUP($B$14,0),SUM($E$34:$AL$34,$E$43:$AL$43),0) -> 0 | F44: =-IF(F19=ROUNDUP($B$14,0),SUM($E$34:$AL$34,$E$43:$AL$43),0) -> 0 | G44: =-IF(G19=ROUNDUP($B$14,0),SUM($E$34:$AL$34,$E$43:$AL$43),0) -> 0 | H44: =-IF(H19=ROUNDUP($B$14,0),SUM($E$34:$AL$34,$E$43:$AL$43),0) -> 0 | I44: =-IF(I19=ROUNDUP($B$14,0),SUM($E$34:$AL$34,$E$43:$AL$43),0) -> 0 | J44: =-IF(J19=ROUNDUP($B$14,0),SUM($E$34:$AL$34,$E$43:$AL$43),0) -> 0 | K44: =-IF(K19=ROUNDUP($B$14,0),SUM($E$34:$AL$34,$E$43:$AL$43),0) -> 0 | L44: =-IF(L19=ROUNDUP($B$14,0),SUM($E$34:$AL$34,$E$43:$AL$43),0) -> 0 | ... AL44: =-IF(AL19=ROUNDUP($B$14,0),SUM($E$34:$AL$34,$E$43:$AL$43),0) -> 0
A45: Splatka uveru HMBA (istina) | B45: HMBA | C45: FALSE | D45: =E45+NPV($K$5,F45:AK45) -> -937273.51 | E45: =IF(E$19>ROUNDUP($B$14,0),IF(E46<>-0.01,PPMT($K$5,E$19-ROUNDUP($B$14,0),$K$6,$N$10),0.01),0) -> 0 | F45: =IF(F$19>ROUNDUP($B$14,0),IF(F46<>-0.01,PPMT($K$5,F$19-ROUNDUP($B$14,0),$K$6,$N$10),0.01),0) -> 0 | G45: =IF(G$19>ROUNDUP($B$14,0),IF(G46<>-0.01,PPMT($K$5,G$19-ROUNDUP($B$14,0),$K$6,$N$10),0.01),0) -> -40550.202 | H45: =IF(H$19>ROUNDUP($B$14,0),IF(H46<>-0.01,PPMT($K$5,H$19-ROUNDUP($B$14,0),$K$6,$N$10),0.01),0) -> -42172.21 | I45: =IF(I$19>ROUNDUP($B$14,0),IF(I46<>-0.01,PPMT($K$5,I$19-ROUNDUP($B$14,0),$K$6,$N$10),0.01),0) -> -43859.099 | J45: =IF(J$19>ROUNDUP($B$14,0),IF(J46<>-0.01,PPMT($K$5,J$19-ROUNDUP($B$14,0),$K$6,$N$10),0.01),0) -> -45613.463 | K45: =IF(K$19>ROUNDUP($B$14,0),IF(K46<>-0.01,PPMT($K$5,K$19-ROUNDUP($B$14,0),$K$6,$N$10),0.01),0) -> -47438.001 | L45: =IF(L$19>ROUNDUP($B$14,0),IF(L46<>-0.01,PPMT($K$5,L$19-ROUNDUP($B$14,0),$K$6,$N$10),0.01),0) -> -49335.521 | ... AL45: =IF(AL$19>ROUNDUP($B$14,0),IF(AL46<>-0.01,PPMT($K$5,AL$19-ROUNDUP($B$14,0),$K$6,$N$10),0.01),0) -> 0.01
A46: Splatka uveru HMBA (uroky) | B46: HMBA | C46: FALSE | D46: =E46+NPV($K$5,F46:AK46) -> -686524.56 | E46: =IF(E$19>ROUNDUP($B$14,0),IFERROR(IPMT($K$5,E$19-ROUNDUP($B$14,0),$K$6,$N$10),-0.01),0) -> 0 | F46: =IF(F$19>ROUNDUP($B$14,0),IFERROR(IPMT($K$5,F$19-ROUNDUP($B$14,0),$K$6,$N$10),-0.01),0) -> 0 | G46: =IF(G$19>ROUNDUP($B$14,0),IFERROR(IPMT($K$5,G$19-ROUNDUP($B$14,0),$K$6,$N$10),-0.01),0) -> -67550 | H46: =IF(H$19>ROUNDUP($B$14,0),IFERROR(IPMT($K$5,H$19-ROUNDUP($B$14,0),$K$6,$N$10),-0.01),0) -> -65927.992 | I46: =IF(I$19>ROUNDUP($B$14,0),IFERROR(IPMT($K$5,I$19-ROUNDUP($B$14,0),$K$6,$N$10),-0.01),0) -> -64241.104 | J46: =IF(J$19>ROUNDUP($B$14,0),IFERROR(IPMT($K$5,J$19-ROUNDUP($B$14,0),$K$6,$N$10),-0.01),0) -> -62486.74 | K46: =IF(K$19>ROUNDUP($B$14,0),IFERROR(IPMT($K$5,K$19-ROUNDUP($B$14,0),$K$6,$N$10),-0.01),0) -> -60662.201 | L46: =IF(L$19>ROUNDUP($B$14,0),IFERROR(IPMT($K$5,L$19-ROUNDUP($B$14,0),$K$6,$N$10),-0.01),0) -> -58764.681 | ... AL46: =IF(AL$19>ROUNDUP($B$14,0),IFERROR(IPMT($K$5,AL$19-ROUNDUP($B$14,0),$K$6,$N$10),-0.01),0) -> -0.01
A47: Splatka uveru SFRB (istina) | B47: HMBA | C47: FALSE | D47: =E47+NPV($K$5,F47:AK47) -> -847264.43 | E47: =IF(E$19>ROUNDUP($B$14,0),IF(E48<>-0.01,PPMT($H$5,E$19-ROUNDUP($B$14,0),$H$6,IF($B$9="BOB",$H$12,$H$11)*(1-$H$7)),0.01),0) -> 0 | F47: =IF(F$19>ROUNDUP($B$14,0),IF(F48<>-0.01,PPMT($H$5,F$19-ROUNDUP($B$14,0),$H$6,IF($B$9="BOB",$H$12,$H$11)*(1-$H$7)),0.01),0) -> 0 | G47: =IF(G$19>ROUNDUP($B$14,0),IF(G48<>-0.01,PPMT($H$5,G$19-ROUNDUP($B$14,0),$H$6,IF($B$9="BOB",$H$12,$H$11)*(1-$H$7)),0.01),0) -> -44322.167 | H47: =IF(H$19>ROUNDUP($B$14,0),IF(H48<>-0.01,PPMT($H$5,H$19-ROUNDUP($B$14,0),$H$6,IF($B$9="BOB",$H$12,$H$11)*(1-$H$7)),0.01),0) -> -44765.389 | I47: =IF(I$19>ROUNDUP($B$14,0),IF(I48<>-0.01,PPMT($H$5,I$19-ROUNDUP($B$14,0),$H$6,IF($B$9="BOB",$H$12,$H$11)*(1-$H$7)),0.01),0) -> -45213.042 | J47: =IF(J$19>ROUNDUP($B$14,0),IF(J48<>-0.01,PPMT($H$5,J$19-ROUNDUP($B$14,0),$H$6,IF($B$9="BOB",$H$12,$H$11)*(1-$H$7)),0.01),0) -> -45665.173 | K47: =IF(K$19>ROUNDUP($B$14,0),IF(K48<>-0.01,PPMT($H$5,K$19-ROUNDUP($B$14,0),$H$6,IF($B$9="BOB",$H$12,$H$11)*(1-$H$7)),0.01),0) -> -46121.825 | L47: =IF(L$19>ROUNDUP($B$14,0),IF(L48<>-0.01,PPMT($H$5,L$19-ROUNDUP($B$14,0),$H$6,IF($B$9="BOB",$H$12,$H$11)*(1-$H$7)),0.01),0) -> -46583.043 | ... AL47: =IF(AL$19>ROUNDUP($B$14,0),IF(AL48<>-0.01,PPMT($H$5,AL$19-ROUNDUP($B$14,0),$H$6,IF($B$9="BOB",$H$12,$H$11)*(1-$H$7)),0.01),0) -> -60336.98
A48: Splatka uveru SFRB (uroky) | B48: HMBA | C48: FALSE | D48: =E48+NPV($K$5,F48:AK48) -> -268753.68 | E48: =IF(E$19>ROUNDUP($B$14,0),IFERROR(IPMT($H$5,E$19-ROUNDUP($B$14,0),$H$6,IF($B$9="BOB",$H$12,$H$11)*(1-$H$7)),-0.01),0) -> 0 | F48: =IF(F$19>ROUNDUP($B$14,0),IFERROR(IPMT($H$5,F$19-ROUNDUP($B$14,0),$H$6,IF($B$9="BOB",$H$12,$H$11)*(1-$H$7)),-0.01),0) -> 0 | G48: =IF(G$19>ROUNDUP($B$14,0),IFERROR(IPMT($H$5,G$19-ROUNDUP($B$14,0),$H$6,IF($B$9="BOB",$H$12,$H$11)*(1-$H$7)),-0.01),0) -> -21667.5 | H48: =IF(H$19>ROUNDUP($B$14,0),IFERROR(IPMT($H$5,H$19-ROUNDUP($B$14,0),$H$6,IF($B$9="BOB",$H$12,$H$11)*(1-$H$7)),-0.01),0) -> -21224.278 | I48: =IF(I$19>ROUNDUP($B$14,0),IFERROR(IPMT($H$5,I$19-ROUNDUP($B$14,0),$H$6,IF($B$9="BOB",$H$12,$H$11)*(1-$H$7)),-0.01),0) -> -20776.624 | J48: =IF(J$19>ROUNDUP($B$14,0),IFERROR(IPMT($H$5,J$19-ROUNDUP($B$14,0),$H$6,IF($B$9="BOB",$H$12,$H$11)*(1-$H$7)),-0.01),0) -> -20324.494 | K48: =IF(K$19>ROUNDUP($B$14,0),IFERROR(IPMT($H$5,K$19-ROUNDUP($B$14,0),$H$6,IF($B$9="BOB",$H$12,$H$11)*(1-$H$7)),-0.01),0) -> -19867.842 | L48: =IF(L$19>ROUNDUP($B$14,0),IFERROR(IPMT($H$5,L$19-ROUNDUP($B$14,0),$H$6,IF($B$9="BOB",$H$12,$H$11)*(1-$H$7)),-0.01),0) -> -19406.624 | ... AL48: =IF(AL$19>ROUNDUP($B$14,0),IFERROR(IPMT($H$5,AL$19-ROUNDUP($B$14,0),$H$6,IF($B$9="BOB",$H$12,$H$11)*(1-$H$7)),-0.01),0) -> -5652.6865
A50: Prevadzkovy uver BOB (refinanc bulletu)
A51: DPH vratka/platba | C51: FALSE | D51: =E51+NPV($K$5,F51:AK51) -> 0 | E51: 0 | F51: =-E24-E40 -> 0 | G51: =-F24-F40 -> 0 | H51: =-G24-G40 -> 0 | I51: =-H24-H40 -> 0 | J51: =-I24-I40 -> 0 | K51: =-J24-J40 -> 0 | L51: =-K24-K40 -> 0 | M51: =-L24-L40 -> 0 | ... AL51: =-AK24-AK40 -> 0
A52: Cashflow pocas vystavby | B52: HMBA | C52: FALSE | D52: =E52+NPV($K$5,F52:AK52) -> 4414768.8 | E52: =SUMIFS(E$21:E$40,$B$21:$B$40,$B52)+E51 -> -3533333.3 | F52: =SUMIFS(F$21:F$40,$B$21:$B$40,$B52)+F51 -> 3641847.5 | G52: =SUMIFS(G$21:G$40,$B$21:$B$40,$B52)+G51 -> 221368.83 | H52: =SUMIFS(H$21:H$40,$B$21:$B$40,$B52)+H51 -> 225796.2 | I52: =SUMIFS(I$21:I$40,$B$21:$B$40,$B52)+I51 -> 230312.13 | J52: =SUMIFS(J$21:J$40,$B$21:$B$40,$B52)+J51 -> 234918.37 | K52: =SUMIFS(K$21:K$40,$B$21:$B$40,$B52)+K51 -> 239616.74 | L52: =SUMIFS(L$21:L$40,$B$21:$B$40,$B52)+L51 -> 244409.07 | ... AL52: =SUMIFS(AL$21:AL$40,$B$21:$B$40,$B52)+AL51 -> 408998.57
A53: Nacerpanie uveru | B53: BOB | C53: FALSE | D53: =E53+NPV($K$5,F53:AK53) -> 0 | E53: =IF(E19=ROUNDUP($B$14,0),-MIN(0,E52+E44),0) -> 0 | F53: =IF(F19=ROUNDUP($B$14,0),-MIN(0,F52+F44),0) -> 0 | G53: =IF(G19=ROUNDUP($B$14,0),-MIN(0,G52+G44),0) -> 0 | H53: =IF(H19=ROUNDUP($B$14,0),-MIN(0,H52+H44),0) -> 0 | I53: =IF(I19=ROUNDUP($B$14,0),-MIN(0,I52+I44),0) -> 0 | J53: =IF(J19=ROUNDUP($B$14,0),-MIN(0,J52+J44),0) -> 0 | K53: =IF(K19=ROUNDUP($B$14,0),-MIN(0,K52+K44),0) -> 0 | L53: =IF(L19=ROUNDUP($B$14,0),-MIN(0,L52+L44),0) -> 0 | ... AL53: =IF(AL19=ROUNDUP($B$14,0),-MIN(0,AL52+AL44),0) -> 0
A54: Splatka uveru BOB (istina) | B54: BOB | C54: FALSE | D54: =E54+NPV($K$5,F54:AK54) -> 0.018907823 | E54: =IF(E$19>ROUNDUP($B$14,0),IF(E55<>-0.01,PPMT($K$7,E$19-ROUNDUP($B$14,0),$K$8,SUM($E$53:$AL$53)),0.01),0) -> 0 | F54: =IF(F$19>ROUNDUP($B$14,0),IF(F55<>-0.01,PPMT($K$7,F$19-ROUNDUP($B$14,0),$K$8,SUM($E$53:$AL$53)),0.01),0) -> 0 | G54: =IF(G$19>ROUNDUP($B$14,0),IF(G55<>-0.01,PPMT($K$7,G$19-ROUNDUP($B$14,0),$K$8,SUM($E$53:$AL$53)),0.01),0) -> 0 | H54: =IF(H$19>ROUNDUP($B$14,0),IF(H55<>-0.01,PPMT($K$7,H$19-ROUNDUP($B$14,0),$K$8,SUM($E$53:$AL$53)),0.01),0) -> 0 | I54: =IF(I$19>ROUNDUP($B$14,0),IF(I55<>-0.01,PPMT($K$7,I$19-ROUNDUP($B$14,0),$K$8,SUM($E$53:$AL$53)),0.01),0) -> 0 | J54: =IF(J$19>ROUNDUP($B$14,0),IF(J55<>-0.01,PPMT($K$7,J$19-ROUNDUP($B$14,0),$K$8,SUM($E$53:$AL$53)),0.01),0) -> 0 | K54: =IF(K$19>ROUNDUP($B$14,0),IF(K55<>-0.01,PPMT($K$7,K$19-ROUNDUP($B$14,0),$K$8,SUM($E$53:$AL$53)),0.01),0) -> 0 | L54: =IF(L$19>ROUNDUP($B$14,0),IF(L55<>-0.01,PPMT($K$7,L$19-ROUNDUP($B$14,0),$K$8,SUM($E$53:$AL$53)),0.01),0) -> 0 | ... AL54: =IF(AL$19>ROUNDUP($B$14,0),IF(AL55<>-0.01,PPMT($K$7,AL$19-ROUNDUP($B$14,0),$K$8,SUM($E$53:$AL$53)),0.01),0) -> 0.01
A55: Splatka uveru BOB (urok) | B55: BOB | C55: FALSE | D55: =E55+NPV($K$5,F55:AK55) -> -0.018907823 | E55: =IF(E$19>ROUNDUP($B$14,0),IFERROR(IPMT($K$7,E$19-ROUNDUP($B$14,0),$K$8,SUM($E$53:$AL$53)),-0.01),0) -> 0 | F55: =IF(F$19>ROUNDUP($B$14,0),IFERROR(IPMT($K$7,F$19-ROUNDUP($B$14,0),$K$8,SUM($E$53:$AL$53)),-0.01),0) -> 0 | G55: =IF(G$19>ROUNDUP($B$14,0),IFERROR(IPMT($K$7,G$19-ROUNDUP($B$14,0),$K$8,SUM($E$53:$AL$53)),-0.01),0) -> 0 | H55: =IF(H$19>ROUNDUP($B$14,0),IFERROR(IPMT($K$7,H$19-ROUNDUP($B$14,0),$K$8,SUM($E$53:$AL$53)),-0.01),0) -> 0 | I55: =IF(I$19>ROUNDUP($B$14,0),IFERROR(IPMT($K$7,I$19-ROUNDUP($B$14,0),$K$8,SUM($E$53:$AL$53)),-0.01),0) -> 0 | J55: =IF(J$19>ROUNDUP($B$14,0),IFERROR(IPMT($K$7,J$19-ROUNDUP($B$14,0),$K$8,SUM($E$53:$AL$53)),-0.01),0) -> 0 | K55: =IF(K$19>ROUNDUP($B$14,0),IFERROR(IPMT($K$7,K$19-ROUNDUP($B$14,0),$K$8,SUM($E$53:$AL$53)),-0.01),0) -> 0 | L55: =IF(L$19>ROUNDUP($B$14,0),IFERROR(IPMT($K$7,L$19-ROUNDUP($B$14,0),$K$8,SUM($E$53:$AL$53)),-0.01),0) -> 0 | ... AL55: =IF(AL$19>ROUNDUP($B$14,0),IFERROR(IPMT($K$7,AL$19-ROUNDUP($B$14,0),$K$8,SUM($E$53:$AL$53)),-0.01),0) -> -0.01
A57: OPEX
A58: Cashflow pred platbou | B58: BOB | C58: FALSE | D58: =E58+NPV($K$5,F58:AK58) -> 0 | E58: =SUMIFS(E$52:E$55,$B$52:$B$55,$B$58)+SUMIFS(E$44:E$48,$B$44:$B$48,$B$58) -> 0 | F58: =SUMIFS(F$52:F$55,$B$52:$B$55,$B$58)+SUMIFS(F$44:F$48,$B$44:$B$48,$B$58) -> 0 | G58: =SUMIFS(G$52:G$55,$B$52:$B$55,$B$58)+SUMIFS(G$44:G$48,$B$44:$B$48,$B$58) -> 0 | H58: =SUMIFS(H$52:H$55,$B$52:$B$55,$B$58)+SUMIFS(H$44:H$48,$B$44:$B$48,$B$58) -> 0 | I58: =SUMIFS(I$52:I$55,$B$52:$B$55,$B$58)+SUMIFS(I$44:I$48,$B$44:$B$48,$B$58) -> 0 | J58: =SUMIFS(J$52:J$55,$B$52:$B$55,$B$58)+SUMIFS(J$44:J$48,$B$44:$B$48,$B$58) -> 0 | K58: =SUMIFS(K$52:K$55,$B$52:$B$55,$B$58)+SUMIFS(K$44:K$48,$B$44:$B$48,$B$58) -> 0 | L58: =SUMIFS(L$52:L$55,$B$52:$B$55,$B$58)+SUMIFS(L$44:L$48,$B$44:$B$48,$B$58) -> 0 | ... AL58: =SUMIFS(AL$52:AL$55,$B$52:$B$55,$B$58)+SUMIFS(AL$44:AL$48,$B$44:$B$48,$B$58) -> 0
A59: Cashflow pred platbou | B59: HMBA | C59: FALSE | D59: =E59+NPV($K$5,F59:AK59) -> 1674952.7 | E59: =SUMIFS(E$21:E$48,$B$21:$B$48,$B$59) -> -3533333.3 | F59: =SUMIFS(F$21:F$48,$B$21:$B$48,$B$59) -> 3641847.5 | G59: =SUMIFS(G$21:G$48,$B$21:$B$48,$B$59) -> 47278.958 | H59: =SUMIFS(H$21:H$48,$B$21:$B$48,$B$59) -> 51706.334 | I59: =SUMIFS(I$21:I$48,$B$21:$B$48,$B$59) -> 56222.258 | J59: =SUMIFS(J$21:J$48,$B$21:$B$48,$B$59) -> 60828.501 | K59: =SUMIFS(K$21:K$48,$B$21:$B$48,$B$59) -> 65526.868 | L59: =SUMIFS(L$21:L$48,$B$21:$B$48,$B$59) -> 70319.203 | ... AL59: =SUMIFS(AL$21:AL$48,$B$21:$B$48,$B$59) -> 343008.9
A60: Poplatok za spravu (platba od HMBA) | B60: HMBA | C60: FALSE | D60: =E60+NPV($K$5,F60:AK60) -> 0 | E60: =IF($B$9="BOB",IF(E$18=0,E58,IF(F$18=0,(F58/(1+$B$13))*(ROUNDUP($B$14,0)-$B$14),0))*(1+$K$14),0) -> 0 | F60: =IF($B$9="BOB",IF(F$18=0,F58,IF(G$18=0,(G58/(1+$B$13))*(ROUNDUP($B$14,0)-$B$14),0))*(1+$K$14),0) -> 0 | G60: =IF($B$9="BOB",IF(G$18=0,G58,IF(H$18=0,(H58/(1+$B$13))*(ROUNDUP($B$14,0)-$B$14),0))*(1+$K$14),0) -> 0 | H60: =IF($B$9="BOB",IF(H$18=0,H58,IF(I$18=0,(I58/(1+$B$13))*(ROUNDUP($B$14,0)-$B$14),0))*(1+$K$14),0) -> 0 | I60: =IF($B$9="BOB",IF(I$18=0,I58,IF(J$18=0,(J58/(1+$B$13))*(ROUNDUP($B$14,0)-$B$14),0))*(1+$K$14),0) -> 0 | J60: =IF($B$9="BOB",IF(J$18=0,J58,IF(K$18=0,(K58/(1+$B$13))*(ROUNDUP($B$14,0)-$B$14),0))*(1+$K$14),0) -> 0 | K60: =IF($B$9="BOB",IF(K$18=0,K58,IF(L$18=0,(L58/(1+$B$13))*(ROUNDUP($B$14,0)-$B$14),0))*(1+$K$14),0) -> 0 | L60: =IF($B$9="BOB",IF(L$18=0,L58,IF(M$18=0,(M58/(1+$B$13))*(ROUNDUP($B$14,0)-$B$14),0))*(1+$K$14),0) -> 0 | ... AL60: =IF($B$9="BOB",IF(AL$18=0,AL58,IF(AM$18=0,(AM58/(1+$B$13))*(ROUNDUP($B$14,0)-$B$14),0))*(1+$K$14),0) -> 0
A61: Prijem poplatku za spravu | B61: HMBA | C61: =B61="BOB" -> FALSE | D61: =E61+NPV($K$5,F61:AK61) -> 0 | E61: =-E60/(1+$B$11) -> 0 | F61: =-F60/(1+$B$11) -> 0 | G61: =-G60/(1+$B$11) -> 0 | H61: =-H60/(1+$B$11) -> 0 | I61: =-I60/(1+$B$11) -> 0 | J61: =-J60/(1+$B$11) -> 0 | K61: =-K60/(1+$B$11) -> 0 | L61: =-L60/(1+$B$11) -> 0 | ... AL61: =-AL60/(1+$B$11) -> 0
A62: Naklady (udrzba bytov) | B62: =B21 -> HMBA | C62: =B62="BOB" -> FALSE | D62: =E62+NPV($K$5,F62:AK62) -> -681854.4 | E62: =IF(E19>$B$14,$E$14*$E$9*POWER(1+$B$13,E$19-ROUNDUP($B$14,0)),0)*IF(E$18=0,1,ROUNDUP($B$14,0)-$B$14)*IF($C62,1/(1+$B$7),1) -> 0 | F62: =IF(F19>$B$14,$E$14*$E$9*POWER(1+$B$13,F$19-ROUNDUP($B$14,0)),0)*IF(F$18=0,1,ROUNDUP($B$14,0)-$B$14)*IF($C62,1/(1+$B$7),1) -> -15045.95 | G62: =IF(G19>$B$14,$E$14*$E$9*POWER(1+$B$13,G$19-ROUNDUP($B$14,0)),0)*IF(G$18=0,1,ROUNDUP($B$14,0)-$B$14)*IF($C62,1/(1+$B$7),1) -> -30693.738 | H62: =IF(H19>$B$14,$E$14*$E$9*POWER(1+$B$13,H$19-ROUNDUP($B$14,0)),0)*IF(H$18=0,1,ROUNDUP($B$14,0)-$B$14)*IF($C62,1/(1+$B$7),1) -> -31307.613 | I62: =IF(I19>$B$14,$E$14*$E$9*POWER(1+$B$13,I$19-ROUNDUP($B$14,0)),0)*IF(I$18=0,1,ROUNDUP($B$14,0)-$B$14)*IF($C62,1/(1+$B$7),1) -> -31933.765 | J62: =IF(J19>$B$14,$E$14*$E$9*POWER(1+$B$13,J$19-ROUNDUP($B$14,0)),0)*IF(J$18=0,1,ROUNDUP($B$14,0)-$B$14)*IF($C62,1/(1+$B$7),1) -> -32572.44 | K62: =IF(K19>$B$14,$E$14*$E$9*POWER(1+$B$13,K$19-ROUNDUP($B$14,0)),0)*IF(K$18=0,1,ROUNDUP($B$14,0)-$B$14)*IF($C62,1/(1+$B$7),1) -> -33223.889 | L62: =IF(L19>$B$14,$E$14*$E$9*POWER(1+$B$13,L$19-ROUNDUP($B$14,0)),0)*IF(L$18=0,1,ROUNDUP($B$14,0)-$B$14)*IF($C62,1/(1+$B$7),1) -> -33888.367 | ... AL62: =IF(AL19>$B$14,$E$14*$E$9*POWER(1+$B$13,AL$19-ROUNDUP($B$14,0)),0)*IF(AL$18=0,1,ROUNDUP($B$14,0)-$B$14)*IF($C62,1/(1+$B$7),1) -> -56709.407
A63: Naklady (overhead) | B63: =B22 -> HMBA | C63: FALSE | D63: =E63+NPV($K$5,F63:AK63) -> -847449.14 | E63: =IF(E19>$B$14,$N$14*$E$5*POWER(1+$B$13,E$19-ROUNDUP($B$14,0)),0)*IF(E$18=0,1,ROUNDUP($B$14,0)-$B$14) -> 0 | F63: =IF(F19>$B$14,$N$14*$E$5*POWER(1+$B$13,F$19-ROUNDUP($B$14,0)),0)*IF(F$18=0,1,ROUNDUP($B$14,0)-$B$14) -> -18700 | G63: =IF(G19>$B$14,$N$14*$E$5*POWER(1+$B$13,G$19-ROUNDUP($B$14,0)),0)*IF(G$18=0,1,ROUNDUP($B$14,0)-$B$14) -> -38148 | H63: =IF(H19>$B$14,$N$14*$E$5*POWER(1+$B$13,H$19-ROUNDUP($B$14,0)),0)*IF(H$18=0,1,ROUNDUP($B$14,0)-$B$14) -> -38910.96 | I63: =IF(I19>$B$14,$N$14*$E$5*POWER(1+$B$13,I$19-ROUNDUP($B$14,0)),0)*IF(I$18=0,1,ROUNDUP($B$14,0)-$B$14) -> -39689.179 | J63: =IF(J19>$B$14,$N$14*$E$5*POWER(1+$B$13,J$19-ROUNDUP($B$14,0)),0)*IF(J$18=0,1,ROUNDUP($B$14,0)-$B$14) -> -40482.963 | K63: =IF(K19>$B$14,$N$14*$E$5*POWER(1+$B$13,K$19-ROUNDUP($B$14,0)),0)*IF(K$18=0,1,ROUNDUP($B$14,0)-$B$14) -> -41292.622 | L63: =IF(L19>$B$14,$N$14*$E$5*POWER(1+$B$13,L$19-ROUNDUP($B$14,0)),0)*IF(L$18=0,1,ROUNDUP($B$14,0)-$B$14) -> -42118.474 | ... AL63: =IF(AL19>$B$14,$N$14*$E$5*POWER(1+$B$13,AL$19-ROUNDUP($B$14,0)),0)*IF(AL$18=0,1,ROUNDUP($B$14,0)-$B$14) -> -70481.818
A64: DPH na vystupe | B64: BOB | D64: =E64+NPV($K$5,F64:AK64) -> 0 | E64: =E61*$B$11 -> 0 | F64: =F61*$B$11 -> 0 | G64: =G61*$B$11 -> 0 | H64: =H61*$B$11 -> 0 | I64: =I61*$B$11 -> 0 | J64: =J61*$B$11 -> 0 | K64: =K61*$B$11 -> 0 | L64: =L61*$B$11 -> 0 | ... AL64: =AL61*$B$11 -> 0
A65: DPH na vstupe | B65: BOB | D65: =E65+NPV($K$5,F65:AK65) -> -34092.72 | E65: =E62*$B$11 -> 0 | F65: =F62*$B$11 -> -752.2975 | G65: =G62*$B$11 -> -1534.6869 | H65: =H62*$B$11 -> -1565.3806 | I65: =I62*$B$11 -> -1596.6883 | J65: =J62*$B$11 -> -1628.622 | K65: =K62*$B$11 -> -1661.1945 | L65: =L62*$B$11 -> -1694.4183 | ... AL65: =AL62*$B$11 -> -2835.4704
A67: Cashflow po platbe | B67: BOB | D67: =E67+NPV($K$5,F67:AK67) -> -2073.2054 | E67: =SUMIFS(E$58:E$65,$B$58:$B$65,$B67) -> 0 | F67: =SUMIFS(F$58:F$65,$B$58:$B$65,$B67)-E65-E64 -> -752.2975 | G67: =SUMIFS(G$58:G$65,$B$58:$B$65,$B67)-F65-F64 -> -782.3894 | H67: =SUMIFS(H$58:H$65,$B$58:$B$65,$B67)-G65-G64 -> -30.693738 | I67: =SUMIFS(I$58:I$65,$B$58:$B$65,$B67)-H65-H64 -> -31.307613 | J67: =SUMIFS(J$58:J$65,$B$58:$B$65,$B67)-I65-I64 -> -31.933765 | K67: =SUMIFS(K$58:K$65,$B$58:$B$65,$B67)-J65-J64 -> -32.57244 | L67: =SUMIFS(L$58:L$65,$B$58:$B$65,$B67)-K65-K64 -> -33.223889 | M67: =SUMIFS(M$58:M$65,$B$58:$B$65,$B67)-L65-L64 -> -33.888367 | ... AL67: =SUMIFS(AL$58:AL$65,$B$58:$B$65,$B67)-AK65-AK64 -> -55.597458
A68: Cashflow po platbe | B68: HMBA | D68: =E68+NPV($K$5,F68:AK68) -> 145649.12 | E68: =SUMIFS(E$58:E$65,$B$58:$B$65,$B68) -> -3533333.3 | F68: =SUMIFS(F$58:F$65,$B$58:$B$65,$B68) -> 3608101.5 | G68: =SUMIFS(G$58:G$65,$B$58:$B$65,$B68) -> -21562.78 | H68: =SUMIFS(H$58:H$65,$B$58:$B$65,$B68) -> -18512.238 | I68: =SUMIFS(I$58:I$65,$B$58:$B$65,$B68) -> -15400.686 | J68: =SUMIFS(J$58:J$65,$B$58:$B$65,$B68) -> -12226.902 | K68: =SUMIFS(K$58:K$65,$B$58:$B$65,$B68) -> -8989.6428 | L68: =SUMIFS(L$58:L$65,$B$58:$B$65,$B68) -> -5687.6383 | ... AL68: =SUMIFS(AL$58:AL$65,$B$58:$B$65,$B68) -> 215817.68

Sheet antolska_porovnanie
A1: Vystavba BD Antolska
A2: Porovnanie investicie cez BOB a priamo cez HMBA
A4: Vysledok za konsolidovany celok HMBA
A5: Sucasne hodnoty financnych tokov | B5: Model BOB | C5: Model HMBA
A6: Vydavky | B6: =B7+B8 -> -17356250 | C6: =C7+C8 -> -21216751
A7: CAPEX (vystavba + udrzba) | B7: =antolska_BOB!D21+antolska_BOB!D22 -> -14065632 | C7: =antolska_HMBA!D21+antolska_HMBA!D22 -> -17383043
A8: OPEX (udrba + overhead) | B8: =antolska_BOB!D62+antolska_BOB!D63 -> -3290618 | C8: =antolska_HMBA!D62+antolska_HMBA!D63 -> -3833708.1
A9: Prijmy | B9: =B10+B11+B12 -> 10047085 | C9: =C10+C11+C12 -> 11650930
A10: Cisty prijem z najomneho | B10: =SUM(antolska_BOB!D27:D28) -> 10942427 | C10: =SUM(antolska_HMBA!D27:D28) -> 11650930
A11: Cisty financny tok z kupy bytov (HMBA od BOB) | B11: =antolska_BOB!D38+antolska_BOB!D39 -> -730811.6 | C11: 0
A12: Cisty financny tok z poplatku za spravu (HMBA pre BOB) | B12: =antolska_BOB!D61+antolska_BOB!D60 -> -164530.9 | C12: 0
A13: Financovanie | B13: =B14+B15+B16+B17 -> 4446105.9 | C13: =SUM(C14:C17) -> 5276939.6
A14: Dotacia a uver SFRB | B14: =antolska_BOB!D35+antolska_BOB!D36 -> 7686778.8 | C14: =antolska_HMBA!D36+antolska_HMBA!D35 -> 7776225
A15: Uvery (bullet aj dlhodoby uver HMBA) | B15: =antolska_BOB!D34+antolska_BOB!D37 -> 23613457 | C15: =antolska_HMBA!D34+antolska_HMBA!D37 -> 8045525
A16: Splatky komercnych uverov/uveru HMBA | B16: =antolska_BOB!D44+antolska_BOB!D46+antolska_BOB!D45 -> -24425235 | C16: =antolska_HMBA!D44+antolska_HMBA!D45+antolska_HMBA!D46 -> -8045525
A17: Splatka SFRB uveru | B17: =antolska_BOB!D47+antolska_BOB!D48 -> -2428895.5 | C17: =antolska_HMBA!D47+antolska_HMBA!D48 -> -2499285.4
A18: DPH | B18: =SUM(B19:B20) -> -80624.213 | C18: =SUM(C19:C20) -> 0
A19: DPH na vstupe/vystupe | B19: =antolska_BOB!D24+antolska_BOB!D40+antolska_BOB!D64+antolska_BOB!D65 -> -2155157.2 | C19: 0
A20: Vratky DPH | B20: =antolska_BOB!D51+antolska_BOB!D66 -> 2074533 | C20: 0
A22: Cisty financny tok (BOB+HMBA) | B22: =B6+B9+B13+B18 -> -2943683.7 | C22: =C6+C9+C13+C18 -> -4288881.6
A23: Relativna vyhodnost BOB oproti HMBA | C23: =B22-C22 -> 1345197.9
A24: ROI | B24: =-B22/B7 -> -0.20928201 | C24: =-C22/C7 -> -0.2467279

Sheet antolska_BOB
A1: Genericky investicny CF model
A2: Na jednom harku aby sa dal lahko kopirovat
A4: Predpoklady
A5: Nazov projektu | B5: Antolska | D5: Pocet bytov (najomne byvanie) | E5: 83 | G5: Urokova sadzba SFRB | H5: 0.01 | J5: Urokova sadzba HMBA | K5: 0.04
A6: Stavebne naklady s DPH | B6: -16454620 | D6: Rozloha bytov (najomne byvanie) | E6: 4199 | G6: Maturita SFRB (roky) | H6: 40 | J6: Maturita HMBA (roky) | K6: 25
A7: Aplikovana sadzba DPH pre stavebne naklady | B7: 0.23 | D7: Jednotkove naklady bez DPH (eur/m2) | E7: =B8/E6 -> -3185.9347 | G7: Podiel dotacie/SFRB | H7: 0.4 | J7: Urokova sadzba BOB | K7: 0.06
A8: Stavebne naklady bez DPH | B8: =B6/(1+$B$7) -> -13377740 | D8: Podiel bytov vhodnych na dotaciu/SFRB | E8: 1 | G8: Dotacny strop na m2 BOB | H8: 1980 | J8: Maturita BOB (roky, prevadzka) | K8: 25
A9: NFA (m2) | B9: 6893 | G9: Dotacny strop na m2 HMBA | H9: 2140
A11: DPH pre BOB | B11: 0.05 | D11: Najomne bytov/mesiac/m2 | E11: 7 | G11: SFRB+dotacia HMBA model | H11: =MIN(H9,-$E$7)*$E$6*0.9 -> 8087274 | J11: Frekvencia CAPEX obnovy | K11: 10 | M11: Potreba uveru HMBA (HMBA model) | N11: =-B8*(1+$B$12)-H11 -> 8367346
A12: DPH pre HMBA | B12: 0.23 | D12: Najomne nebytov/mesiac/m2 | E12: 2.5 | G12: SFRB+dotacia BOB model | H12: =MIN(H8,-$E$7)*$E$6 -> 8314020 | J12: Percento CAPEX obnovy | K12: 0.05 | M12: Potreba uveru HMBA (BOB model) | N12: =N13-H12 -> 8285342.5
A13: Indexacia najomneho p.a. | B13: 0.02 | D13: Fond oprav mesiac/m2 | E13: 1.5 | G13: Prijem z najomneho 1. rok (vratane fondu oprav, byty) | H13: =(E11+E13)*E6*12 -> 428298 | J13: Tvorba fondu na CAPEX opravy | K13: 0.007 | M13: Kupna cena od BOBu | N13: =(-SUM(E44:AL44)+SUMIFS(E24:AL24,E18:AL18,">0"))*(1+B11)*(1+K14) -> 16599362
A14: Trvanie vystavby (roky) | B14: 2.5 | D14: Naklady na spravu a prevadkzu s DPH (/m2/rok) | E14: -11.3 | G14: Prijem z najomneho 1. rok (vratane fondu oprav, nebyty) | H14: =(B9-E6)*E12*12 -> 80820 | J14: Ziskova marza pre BOB | K14: 0.05 | M14: Overhead OPEX pre BOB / byt | N14: -1100
A16: Cashflow
A18: Fazovanie vystavby | E18: =IF(E$19<=ROUNDDOWN($B$14,0),(ROUNDDOWN($B$14,0)/$B$14)/ROUNDDOWN($B$14,0),IF(E$19=ROUNDUP($B$14,0),1-SUM($D$18:D18),0)) -> 0.4 | F18: =IF(F$19<=ROUNDDOWN($B$14,0),(ROUNDDOWN($B$14,0)/$B$14)/ROUNDDOWN($B$14,0),IF(F$19=ROUNDUP($B$14,0),1-SUM($D$18:E18),0)) -> 0.4 | G18: =IF(G$19<=ROUNDDOWN($B$14,0),(ROUNDDOWN($B$14,0)/$B$14)/ROUNDDOWN($B$14,0),IF(G$19=ROUNDUP($B$14,0),1-SUM($D$18:F18),0)) -> 0.2 | H18: =IF(H$19<=ROUNDDOWN($B$14,0),(ROUNDDOWN($B$14,0)/$B$14)/ROUNDDOWN($B$14,0),IF(H$19=ROUNDUP($B$14,0),1-SUM($D$18:G18),0)) -> 0 | I18: =IF(I$19<=ROUNDDOWN($B$14,0),(ROUNDDOWN($B$14,0)/$B$14)/ROUNDDOWN($B$14,0),IF(I$19=ROUNDUP($B$14,0),1-SUM($D$18:H18),0)) -> 0 | J18: =IF(J$19<=ROUNDDOWN($B$14,0),(ROUNDDOWN($B$14,0)/$B$14)/ROUNDDOWN($B$14,0),IF(J$19=ROUNDUP($B$14,0),1-SUM($D$18:I18),0)) -> 0 | K18: =IF(K$19<=ROUNDDOWN($B$14,0),(ROUNDDOWN($B$14,0)/$B$14)/ROUNDDOWN($B$14,0),IF(K$19=ROUNDUP($B$14,0),1-SUM($D$18:J18),0)) -> 0 | L18: =IF(L$19<=ROUNDDOWN($B$14,0),(ROUNDDOWN($B$14,0)/$B$14)/ROUNDDOWN($B$14,0),IF(L$19=ROUNDUP($B$14,0),1-SUM($D$18:K18),0)) -> 0 | M18: =IF(M$19<=ROUNDDOWN($B$14,0),(ROUNDDOWN($B$14,0)/$B$14)/ROUNDDOWN($B$14,0),IF(M$19=ROUNDUP($B$14,0),1-SUM($D$18:L18),0)) -> 0
A19: Polozka | B19: Vlastnik polozky | C19: DPH | D19: PV | E19: 1 | F19: 2 | G19: 3 | H19: 4 | I19: 5 | J19: 6 | K19: 7 | L19: 8 | M19: 9 | N19: 10 | O19: 11 | P19: 12 | Q19: 13 | R19: 14 | S19: 15 | T19: 16 | U19: 17 | V19: 18 | W19: 19 | X19: 20 | Y19: 21 | Z19: 22 | AA19: 23 | AB19: 24 | AC19: 25 | AD19: 26 | AE19: 27 | AF19: 28 | AG19: 29 | AH19: 30 | AI19: 31 | AJ19: 32 | AK19: 33 | AL19: 34
A20: Naklady bez DPH
A21: CAPEX vystavba | B21: BOB | C21: TRUE | D21: =E21+NPV($K$5,F21:AK21) -> -12970075 | E21: =$B$8*E$18 -> -5351095.9 | F21: =$B$8*F$18 -> -5351095.9 | G21: =$B$8*G$18 -> -2675548 | H21: =$B$8*H$18 -> 0 | I21: =$B$8*I$18 -> 0 | J21: =$B$8*J$18 -> 0 | K21: =$B$8*K$18 -> 0 | L21: =$B$8*L$18 -> 0 | ... AL21: =$B$8*AL$18 -> 0
A22: CAPEX obnova | B22: HMBA | C22: FALSE | D22: =E22+NPV($K$5,F22:AK22) -> -1095557.1 | E22: =IF(E$19<($K$11+ROUNDUP($B$14,0)),0,IF(MOD(E$19-ROUNDUP($B$14,0),$K$11)=0,$B$6*$K$12*POWER(1+$B$13,E$19-ROUNDUP(E19,0)),0)) -> 0 | F22: =IF(F$19<($K$11+ROUNDUP($B$14,0)),0,IF(MOD(F$19-ROUNDUP($B$14,0),$K$11)=0,$B$6*$K$12*POWER(1+$B$13,F$19-ROUNDUP(F19,0)),0)) -> 0 | G22: =IF(G$19<($K$11+ROUNDUP($B$14,0)),0,IF(MOD(G$19-ROUNDUP($B$14,0),$K$11)=0,$B$6*$K$12*POWER(1+$B$13,G$19-ROUNDUP(G19,0)),0)) -> 0 | H22: =IF(H$19<($K$11+ROUNDUP($B$14,0)),0,IF(MOD(H$19-ROUNDUP($B$14,0),$K$11)=0,$B$6*$K$12*POWER(1+$B$13,H$19-ROUNDUP(H19,0)),0)) -> 0 | I22: =IF(I$19<($K$11+ROUNDUP($B$14,0)),0,IF(MOD(I$19-ROUNDUP($B$14,0),$K$11)=0,$B$6*$K$12*POWER(1+$B$13,I$19-ROUNDUP(I19,0)),0)) -> 0 | J22: =IF(J$19<($K$11+ROUNDUP($B$14,0)),0,IF(MOD(J$19-ROUNDUP($B$14,0),$K$11)=0,$B$6*$K$12*POWER(1+$B$13,J$19-ROUNDUP(J19,0)),0)) -> 0 | K22: =IF(K$19<($K$11+ROUNDUP($B$14,0)),0,IF(MOD(K$19-ROUNDUP($B$14,0),$K$11)=0,$B$6*$K$12*POWER(1+$B$13,K$19-ROUNDUP(K19,0)),0)) -> 0 | L22: =IF(L$19<($K$11+ROUNDUP($B$14,0)),0,IF(MOD(L$19-ROUNDUP($B$14,0),$K$11)=0,$B$6*$K$12*POWER(1+$B$13,L$19-ROUNDUP(L19,0)),0)) -> 0 | ... AL22: =IF(AL$19<($K$11+ROUNDUP($B$14,0)),0,IF(MOD(AL$19-ROUNDUP($B$14,0),$K$11)=0,$B$6*$K$12*POWER(1+$B$13,AL$19-ROUNDUP(AL19,0)),0)) -> 0
A24: DPH na vstupe | B24: BOB | D24: =E24+NPV($K$5,F24:AK24) -> -2983117.2 | E24: =SUMIFS(E$21:E$23,$C$21:$C$23,TRUE)*$B$12 -> -1230752.1 | F24: =SUMIFS(F$21:F$23,$C$21:$C$23,TRUE)*$B$12 -> -1230752.1 | G24: =SUMIFS(G$21:G$23,$C$21:$C$23,TRUE)*$B$12 -> -615376.03 | H24: =SUMIFS(H$21:H$23,$C$21:$C$23,TRUE)*$B$12 -> 0 | I24: =SUMIFS(I$21:I$23,$C$21:$C$23,TRUE)*$B$12 -> 0 | J24: =SUMIFS(J$21:J$23,$C$21:$C$23,TRUE)*$B$12 -> 0 | K24: =SUMIFS(K$21:K$23,$C$21:$C$23,TRUE)*$B$12 -> 0 | L24: =SUMIFS(L$21:L$23,$C$21:$C$23,TRUE)*$B$12 -> 0 | ... AL24: =SUMIFS(AL$21:AL$23,$C$21:$C$23,TRUE)*$B$12 -> 0
A26: Najomne a fond oprav
A27: Prijem z najomneho byty | B27: HMBA | C27: FALSE | D27: =E27+NPV($K$5,F27:AK27) -> 9205370.3 | E27: =IF(E19>$B$14,$H$13*POWER(1+$B$13,E$19-$B$14),0)*(1-(($B$14-ROUNDDOWN($B$14,0))*IF(E$19=ROUNDUP($B$14,0),1,0))) -> 0 | F27: =IF(F19>$B$14,$H$13*POWER(1+$B$13,F$19-$B$14),0)*(1-(($B$14-ROUNDDOWN($B$14,0))*IF(F$19=ROUNDUP($B$14,0),1,0))) -> 0 | G27: =IF(G19>$B$14,$H$13*POWER(1+$B$13,G$19-$B$14),0)*(1-(($B$14-ROUNDDOWN($B$14,0))*IF(G$19=ROUNDUP($B$14,0),1,0))) -> 216279.89 | H27: =IF(H19>$B$14,$H$13*POWER(1+$B$13,H$19-$B$14),0)*(1-(($B$14-ROUNDDOWN($B$14,0))*IF(H$19=ROUNDUP($B$14,0),1,0))) -> 441210.97 | I27: =IF(I19>$B$14,$H$13*POWER(1+$B$13,I$19-$B$14),0)*(1-(($B$14-ROUNDDOWN($B$14,0))*IF(I$19=ROUNDUP($B$14,0),1,0))) -> 450035.19 | J27: =IF(J19>$B$14,$H$13*POWER(1+$B$13,J$19-$B$14),0)*(1-(($B$14-ROUNDDOWN($B$14,0))*IF(J$19=ROUNDUP($B$14,0),1,0))) -> 459035.9 | K27: =IF(K19>$B$14,$H$13*POWER(1+$B$13,K$19-$B$14),0)*(1-(($B$14-ROUNDDOWN($B$14,0))*IF(K$19=ROUNDUP($B$14,0),1,0))) -> 468216.61 | L27: =IF(L19>$B$14,$H$13*POWER(1+$B$13,L$19-$B$14),0)*(1-(($B$14-ROUNDDOWN($B$14,0))*IF(L$19=ROUNDUP($B$14,0),1,0))) -> 477580.95 | ... AL27: =IF(AL19>$B$14,$H$13*POWER(1+$B$13,AL$19-$B$14),0)*(1-(($B$14-ROUNDDOWN($B$14,0))*IF(AL$19=ROUNDUP($B$14,0),1,0))) -> 799192.61
A28: Prijem z najomneho nebyty | B28: HMBA | C28: FALSE | D28: =E28+NPV($K$5,F28:AK28) -> 1737057 | E28: =IF(E19>$B$14,$H$14*POWER(1+$B$13,E$19-$B$14),0)*(1-(($B$14-ROUNDDOWN($B$14,0))*IF(E$19=ROUNDUP($B$14,0),1,0))) -> 0 | F28: =IF(F19>$B$14,$H$14*POWER(1+$B$13,F$19-$B$14),0)*(1-(($B$14-ROUNDDOWN($B$14,0))*IF(F$19=ROUNDUP($B$14,0),1,0))) -> 0 | G28: =IF(G19>$B$14,$H$14*POWER(1+$B$13,G$19-$B$14),0)*(1-(($B$14-ROUNDDOWN($B$14,0))*IF(G$19=ROUNDUP($B$14,0),1,0))) -> 40812.099 | H28: =IF(H19>$B$14,$H$14*POWER(1+$B$13,H$19-$B$14),0)*(1-(($B$14-ROUNDDOWN($B$14,0))*IF(H$19=ROUNDUP($B$14,0),1,0))) -> 83256.683 | I28: =IF(I19>$B$14,$H$14*POWER(1+$B$13,I$19-$B$14),0)*(1-(($B$14-ROUNDDOWN($B$14,0))*IF(I$19=ROUNDUP($B$14,0),1,0))) -> 84921.817 | J28: =IF(J19>$B$14,$H$14*POWER(1+$B$13,J$19-$B$14),0)*(1-(($B$14-ROUNDDOWN($B$14,0))*IF(J$19=ROUNDUP($B$14,0),1,0))) -> 86620.253 | K28: =IF(K19>$B$14,$H$14*POWER(1+$B$13,K$19-$B$14),0)*(1-(($B$14-ROUNDDOWN($B$14,0))*IF(K$19=ROUNDUP($B$14,0),1,0))) -> 88352.658 | L28: =IF(L19>$B$14,$H$14*POWER(1+$B$13,L$19-$B$14),0)*(1-(($B$14-ROUNDDOWN($B$14,0))*IF(L$19=ROUNDUP($B$14,0),1,0))) -> 90119.711 | ... AL28: =IF(AL19>$B$14,$H$14*POWER(1+$B$13,AL$19-$B$14),0)*(1-(($B$14-ROUNDDOWN($B$14,0))*IF(AL$19=ROUNDUP($B$14,0),1,0))) -> 150807.96
A29: Tvorba fondu oprav na CAPEX | C29: FALSE | D29: =E29+NPV($K$5,F29:AK29) -> -2529379.8 | E29: =IF(E27>0,$B$6*$K$13*POWER(1+$B$13,E$19-$B$14),0) -> 0 | F29: =IF(F27>0,$B$6*$K$13*POWER(1+$B$13,F$19-$B$14),0) -> 0 | G29: =IF(G27>0,$B$6*$K$13*POWER(1+$B$13,G$19-$B$14),0) -> -116328.46 | H29: =IF(H27>0,$B$6*$K$13*POWER(1+$B$13,H$19-$B$14),0) -> -118655.03 | I29: =IF(I27>0,$B$6*$K$13*POWER(1+$B$13,I$19-$B$14),0) -> -121028.13 | J29: =IF(J27>0,$B$6*$K$13*POWER(1+$B$13,J$19-$B$14),0) -> -123448.69 | K29: =IF(K27>0,$B$6*$K$13*POWER(1+$B$13,K$19-$B$14),0) -> -125917.67 | L29: =IF(L27>0,$B$6*$K$13*POWER(1+$B$13,L$19-$B$14),0) -> -128436.02 | ... AL29: =IF(AL27>0,$B$6*$K$13*POWER(1+$B$13,AL$19-$B$14),0) -> -214927.16
A30: Cerpanie fondu oprav na CAPEX | C30: FALSE | D30: =E30+NPV($K$5,F30:AK30) -> 1095557.1 | E30: =-E22 -> 0 | F30: =-F22 -> 0 | G30: =-G22 -> 0 | H30: =-H22 -> 0 | I30: =-I22 -> 0 | J30: =-J22 -> 0 | K30: =-K22 -> 0 | L30: =-L22 -> 0 | ... AL30: =-AL22 -> 0
A31: Zostatok fondu oprav na CAPEX | E31: 0 | F31: =E31-F29-F30 -> 0 | G31: =F31-G29-G30 -> 116328.46 | H31: =G31-H29-H30 -> 234983.49 | I31: =H31-I29-I30 -> 356011.62 | J31: =I31-J29-J30 -> 479460.32 | K31: =J31-K29-K30 -> 605377.98 | L31: =K31-L29-L30 -> 733814 | M31: =L31-M29-M30 -> 864818.75 | ... AL31: =AK31-AL29-AL30 -> 2676669.3
A33: Financovanie
A34: Cerpanie komercneho uveru (bullet) | B34: BOB | C34: FALSE | D34: =E34+NPV($K$5,F34:AK34) -> 15953192 | E34: =IF(E18>0,-E21-E24,0) -> 6581848 | F34: =IF(F18>0,-F21-F24,0) -> 6581848 | G34: =IF(G18>0,-G21-G24,0) -> 3290924 | H34: =IF(H18>0,-H21-H24,0) -> 0 | I34: =IF(I18>0,-I21-I24,0) -> 0 | J34: =IF(J18>0,-J21-J24,0) -> 0 | K34: =IF(K18>0,-K21-K24,0) -> 0 | L34: =IF(L18>0,-L21-L24,0) -> 0 | ... AL34: =IF(AL18>0,-AL21-AL24,0) -> 0
A35: Dotacia SFRB | B35: HMBA | C35: FALSE | D35: =E35+NPV($K$5,F35:AK35) -> 3074711.5 | E35: =IF(E$19=ROUNDUP($B$14,0),$H$12*$H$7,0) -> 0 | F35: =IF(F$19=ROUNDUP($B$14,0),$H$12*$H$7,0) -> 0 | G35: =IF(G$19=ROUNDUP($B$14,0),$H$12*$H$7,0) -> 3325608 | H35: =IF(H$19=ROUNDUP($B$14,0),$H$12*$H$7,0) -> 0 | I35: =IF(I$19=ROUNDUP($B$14,0),$H$12*$H$7,0) -> 0 | J35: =IF(J$19=ROUNDUP($B$14,0),$H$12*$H$7,0) -> 0 | K35: =IF(K$19=ROUNDUP($B$14,0),$H$12*$H$7,0) -> 0 | L35: =IF(L$19=ROUNDUP($B$14,0),$H$12*$H$7,0) -> 0 | ... AL35: =IF(AL$19=ROUNDUP($B$14,0),$H$12*$H$7,0) -> 0
A36: Uver SFRB | B36: HMBA | C36: FALSE | D36: =E36+NPV($K$5,F36:AK36) -> 4612067.3 | E36: =IF(E$19=ROUNDUP($B$14,0),$H$12*(1-$H$7),0) -> 0 | F36: =IF(F$19=ROUNDUP($B$14,0),$H$12*(1-$H$7),0) -> 0 | G36: =IF(G$19=ROUNDUP($B$14,0),$H$12*(1-$H$7),0) -> 4988412 | H36: =IF(H$19=ROUNDUP($B$14,0),$H$12*(1-$H$7),0) -> 0 | I36: =IF(I$19=ROUNDUP($B$14,0),$H$12*(1-$H$7),0) -> 0 | J36: =IF(J$19=ROUNDUP($B$14,0),$H$12*(1-$H$7),0) -> 0 | K36: =IF(K$19=ROUNDUP($B$14,0),$H$12*(1-$H$7),0) -> 0 | L36: =IF(L$19=ROUNDUP($B$14,0),$H$12*(1-$H$7),0) -> 0 | ... AL36: =IF(AL$19=ROUNDUP($B$14,0),$H$12*(1-$H$7),0) -> 0
A37: Uver HMBA | B37: HMBA | C37: FALSE | D37: =E37+NPV($K$5,F37:AK37) -> 7660264.9 | E37: =IF(E$19=ROUNDUP($B$14,0),$N$12,0) -> 0 | F37: =IF(F$19=ROUNDUP($B$14,0),$N$12,0) -> 0 | G37: =IF(G$19=ROUNDUP($B$14,0),$N$12,0) -> 8285342.5 | H37: =IF(H$19=ROUNDUP($B$14,0),$N$12,0) -> 0 | I37: =IF(I$19=ROUNDUP($B$14,0),$N$12,0) -> 0 | J37: =IF(J$19=ROUNDUP($B$14,0),$N$12,0) -> 0 | K37: =IF(K$19=ROUNDUP($B$14,0),$N$12,0) -> 0 | L37: =IF(L$19=ROUNDUP($B$14,0),$N$12,0) -> 0 | ... AL37: =IF(AL$19=ROUNDUP($B$14,0),$N$12,0) -> 0
A38: Kupa bytov do vlastnictva HMBA | B38: HMBA | C38: FALSE | D38: =E38+NPV($K$5,F38:AK38) -> -15347044 | E38: =IF(E$19=ROUNDUP($B$14,0),-$H$12-$N$12,0) -> 0 | F38: =IF(F$19=ROUNDUP($B$14,0),-$H$12-$N$12,0) -> 0 | G38: =IF(G$19=ROUNDUP($B$14,0),-$H$12-$N$12,0) -> -16599362 | H38: =IF(H$19=ROUNDUP($B$14,0),-$H$12-$N$12,0) -> 0 | I38: =IF(I$19=ROUNDUP($B$14,0),-$H$12-$N$12,0) -> 0 | J38: =IF(J$19=ROUNDUP($B$14,0),-$H$12-$N$12,0) -> 0 | K38: =IF(K$19=ROUNDUP($B$14,0),-$H$12-$N$12,0) -> 0 | L38: =IF(L$19=ROUNDUP($B$14,0),-$H$12-$N$12,0) -> 0 | ... AL38: =IF(AL$19=ROUNDUP($B$14,0),-$H$12-$N$12,0) -> 0
A39: Prijem z predaja bytov | B39: BOB | C39: TRUE | D39: =E39+NPV($K$5,F39:AK39) -> 14616232 | E39: =-E38/(1+$B$11) -> 0 | F39: =-F38/(1+$B$11) -> 0 | G39: =-G38/(1+$B$11) -> 15808917 | H39: =-H38/(1+$B$11) -> 0 | I39: =-I38/(1+$B$11) -> 0 | J39: =-J38/(1+$B$11) -> 0 | K39: =-K38/(1+$B$11) -> 0 | L39: =-L38/(1+$B$11) -> 0 | ... AL39: =-AL38/(1+$B$11) -> 0
A40: DPH na vystupe | B40: BOB | D40: =E40+NPV($K$5,F40:AK40) -> 730811.6 | E40: =SUMIFS(E$34:E$39,$C$34:$C$39,TRUE)*$B$11 -> 0 | F40: =SUMIFS(F$34:F$39,$C$34:$C$39,TRUE)*$B$11 -> 0 | G40: =SUMIFS(G$34:G$39,$C$34:$C$39,TRUE)*$B$11 -> 790445.83 | H40: =SUMIFS(H$34:H$39,$C$34:$C$39,TRUE)*$B$11 -> 0 | I40: =SUMIFS(I$34:I$39,$C$34:$C$39,TRUE)*$B$11 -> 0 | J40: =SUMIFS(J$34:J$39,$C$34:$C$39,TRUE)*$B$11 -> 0 | K40: =SUMIFS(K$34:K$39,$C$34:$C$39,TRUE)*$B$11 -> 0 | L40: =SUMIFS(L$34:L$39,$C$34:$C$39,TRUE)*$B$11 -> 0 | ... AL40: =SUMIFS(AL$34:AL$39,$C$34:$C$39,TRUE)*$B$11 -> 0
A42: Dlhova sluzba
A43: Kapitalizacia urokov komercneho uveru | B43: FALSE | C43: FALSE | E43: =E34*0.5*$K$7*IF(E18=0,0,1) -> 197455.44 | F43: =(SUM($E$34:E34)+F34*0.5)*$K$7*IF(F18=0,0,1) -> 592366.32 | G43: =(SUM($E$34:F34)+G34*0.5)*$K$7*IF(G18=0,0,1) -> 888549.48 | H43: =(SUM($E$34:G34)+H34*0.5)*$K$7*IF(H18=0,0,1) -> 0 | I43: =(SUM($E$34:H34)+I34*0.5)*$K$7*IF(I18=0,0,1) -> 0 | J43: =(SUM($E$34:I34)+J34*0.5)*$K$7*IF(J18=0,0,1) -> 0 | K43: =(SUM($E$34:J34)+K34*0.5)*$K$7*IF(K18=0,0,1) -> 0 | L43: =(SUM($E$34:K34)+L34*0.5)*$K$7*IF(L18=0,0,1) -> 0 | M43: =(SUM($E$34:L34)+M34*0.5)*$K$7*IF(M18=0,0,1) -> 0 | ... AL43: =(SUM($E$34:AK34)+AL34*0.5)*$K$7*IF(AL18=0,0,1) -> 0
A44: Splatka komercneho uveru | B44: BOB | C44: FALSE | D44: =E44+NPV($K$5,F44:AK44) -> -16764970 | E44: =-IF(E19=ROUNDUP($B$14,0),SUM($E$34:$AL$34,$E$43:$AL$43),0) -> 0 | F44: =-IF(F19=ROUNDUP($B$14,0),SUM($E$34:$AL$34,$E$43:$AL$43),0) -> 0 | G44: =-IF(G19=ROUNDUP($B$14,0),SUM($E$34:$AL$34,$E$43:$AL$43),0) -> -18132991 | H44: =-IF(H19=ROUNDUP($B$14,0),SUM($E$34:$AL$34,$E$43:$AL$43),0) -> 0 | I44: =-IF(I19=ROUNDUP($B$14,0),SUM($E$34:$AL$34,$E$43:$AL$43),0) -> 0 | J44: =-IF(J19=ROUNDUP($B$14,0),SUM($E$34:$AL$34,$E$43:$AL$43),0) -> 0 | K44: =-IF(K19=ROUNDUP($B$14,0),SUM($E$34:$AL$34,$E$43:$AL$43),0) -> 0 | L44: =-IF(L19=ROUNDUP($B$14,0),SUM($E$34:$AL$34,$E$43:$AL$43),0) -> 0 | ... AL44: =-IF(AL19=ROUNDUP($B$14,0),SUM($E$34:$AL$34,$E$43:$AL$43),0) -> 0
A45: Splatka uveru HMBA (istina) | B45: HMBA | C45: FALSE | D45: =E45+NPV($K$5,F45:AK45) -> -4421586.4 | E45: =IF(E$19>ROUNDUP($B$14,0),IF(E46<>-0.01,PPMT($K$5,E$19-ROUNDUP($B$14,0),$K$6,$N$12),0.01),0) -> 0 | F45: =IF(F19>ROUNDUP($B$14,0),IF(F46<>-0.01,PPMT($K$5,F$19-ROUNDUP($B$14,0),$K$6,$N$12),0.01),0) -> 0 | G45: =IF(G19>ROUNDUP($B$14,0),IF(G46<>-0.01,PPMT($K$5,G$19-ROUNDUP($B$14,0),$K$6,$N$12),0.01),0) -> 0 | H45: =IF(H19>ROUNDUP($B$14,0),IF(H46<>-0.01,PPMT($K$5,H$19-ROUNDUP($B$14,0),$K$6,$N$12),0.01),0) -> -198947.33 | I45: =IF(I19>ROUNDUP($B$14,0),IF(I46<>-0.01,PPMT($K$5,I$19-ROUNDUP($B$14,0),$K$6,$N$12),0.01),0) -> -206905.23 | J45: =IF(J19>ROUNDUP($B$14,0),IF(J46<>-0.01,PPMT($K$5,J$19-ROUNDUP($B$14,0),$K$6,$N$12),0.01),0) -> -215181.44 | K45: =IF(K19>ROUNDUP($B$14,0),IF(K46<>-0.01,PPMT($K$5,K$19-ROUNDUP($B$14,0),$K$6,$N$12),0.01),0) -> -223788.69 | L45: =IF(L19>ROUNDUP($B$14,0),IF(L46<>-0.01,PPMT($K$5,L$19-ROUNDUP($B$14,0),$K$6,$N$12),0.01),0) -> -232740.24 | M45: =IF(M19>ROUNDUP($B$14,0),IF(M46<>-0.01,PPMT($K$5,M$19-ROUNDUP($B$14,0),$K$6,$N$12),0.01),0) -> -242049.85 | ... AL45: =IF(AL19>ROUNDUP($B$14,0),IF(AL46<>-0.01,PPMT($K$5,AL$19-ROUNDUP($B$14,0),$K$6,$N$12),0.01),0) -> 0.01
A46: Splatka uveru HMBA (uroky) | B46: HMBA | C46: FALSE | D46: =E46+NPV($K$5,F46:AK46) -> -3238678.5 | E46: =IF(E$19>ROUNDUP($B$14,0),IFERROR(IPMT($K$5,E$19-ROUNDUP($B$14,0),$K$6,$N$12),-0.01),0) -> 0 | F46: =IF(F$19>ROUNDUP($B$14,0),IFERROR(IPMT($K$5,F$19-ROUNDUP($B$14,0),$K$6,$N$12),-0.01),0) -> 0 | G46: =IF(G$19>ROUNDUP($B$14,0),IFERROR(IPMT($K$5,G$19-ROUNDUP($B$14,0),$K$6,$N$12),-0.01),0) -> 0 | H46: =IF(H$19>ROUNDUP($B$14,0),IFERROR(IPMT($K$5,H$19-ROUNDUP($B$14,0),$K$6,$N$12),-0.01),0) -> -331413.7 | I46: =IF(I$19>ROUNDUP($B$14,0),IFERROR(IPMT($K$5,I$19-ROUNDUP($B$14,0),$K$6,$N$12),-0.01),0) -> -323455.81 | J46: =IF(J$19>ROUNDUP($B$14,0),IFERROR(IPMT($K$5,J$19-ROUNDUP($B$14,0),$K$6,$N$12),-0.01),0) -> -315179.6 | K46: =IF(K$19>ROUNDUP($B$14,0),IFERROR(IPMT($K$5,K$19-ROUNDUP($B$14,0),$K$6,$N$12),-0.01),0) -> -306572.34 | L46: =IF(L$19>ROUNDUP($B$14,0),IFERROR(IPMT($K$5,L$19-ROUNDUP($B$14,0),$K$6,$N$12),-0.01),0) -> -297620.79 | ... AL46: =IF(AL$19>ROUNDUP($B$14,0),IFERROR(IPMT($K$5,AL$19-ROUNDUP($B$14,0),$K$6,$N$12),-0.01),0) -> -0.01
A47: Splatka uveru SFRB (istina) | B47: HMBA | C47: FALSE | D47: =E47+NPV($K$5,F47:AK47) -> -1837897.6 | E47: =IF(E$19>ROUNDUP($B$14,0),IF(E48<>-0.01,PPMT($H$5,E$19-ROUNDUP($B$14,0),$H$6,$H$12*(1-$H$7)),0.01),0) -> 0 | F47: =IF(F$19>ROUNDUP($B$14,0),IF(F48<>-0.01,PPMT($H$5,F$19-ROUNDUP($B$14,0),$H$6,$H$12*(1-$H$7)),0.01),0) -> 0 | G47: =IF(G$19>ROUNDUP($B$14,0),IF(G48<>-0.01,PPMT($H$5,G$19-ROUNDUP($B$14,0),$H$6,$H$12*(1-$H$7)),0.01),0) -> 0 | H47: =IF(H$19>ROUNDUP($B$14,0),IF(H48<>-0.01,PPMT($H$5,H$19-ROUNDUP($B$14,0),$H$6,$H$12*(1-$H$7)),0.01),0) -> -102040.95 | I47: =IF(I$19>ROUNDUP($B$14,0),IF(I48<>-0.01,PPMT($H$5,I$19-ROUNDUP($B$14,0),$H$6,$H$12*(1-$H$7)),0.01),0) -> -103061.36 | J47: =IF(J$19>ROUNDUP($B$14,0),IF(J48<>-0.01,PPMT($H$5,J$19-ROUNDUP($B$14,0),$H$6,$H$12*(1-$H$7)),0.01),0) -> -104091.97 | K47: =IF(K$19>ROUNDUP($B$14,0),IF(K48<>-0.01,PPMT($H$5,K$19-ROUNDUP($B$14,0),$H$6,$H$12*(1-$H$7)),0.01),0) -> -105132.89 | L47: =IF(L$19>ROUNDUP($B$14,0),IF(L48<>-0.01,PPMT($H$5,L$19-ROUNDUP($B$14,0),$H$6,$H$12*(1-$H$7)),0.01),0) -> -106184.22 | ... AL47: =IF(AL$19>ROUNDUP($B$14,0),IF(AL48<>-0.01,PPMT($H$5,AL$19-ROUNDUP($B$14,0),$H$6,$H$12*(1-$H$7)),0.01),0) -> -137535.78
A48: Splatka uveru SFRB (uroky) | B48: HMBA | C48: FALSE | D48: =E48+NPV($K$5,F48:AK48) -> -590997.93 | E48: =IF(E$19>ROUNDUP($B$14,0),IFERROR(IPMT($H$5,E$19-ROUNDUP($B$14,0),$H$6,$H$12*(1-$H$7)),-0.01),0) -> 0 | F48: =IF(F$19>ROUNDUP($B$14,0),IFERROR(IPMT($H$5,F$19-ROUNDUP($B$14,0),$H$6,$H$12*(1-$H$7)),-0.01),0) -> 0 | G48: =IF(G$19>ROUNDUP($B$14,0),IFERROR(IPMT($H$5,G$19-ROUNDUP($B$14,0),$H$6,$H$12*(1-$H$7)),-0.01),0) -> 0 | H48: =IF(H$19>ROUNDUP($B$14,0),IFERROR(IPMT($H$5,H$19-ROUNDUP($B$14,0),$H$6,$H$12*(1-$H$7)),-0.01),0) -> -49884.12 | I48: =IF(I$19>ROUNDUP($B$14,0),IFERROR(IPMT($H$5,I$19-ROUNDUP($B$14,0),$H$6,$H$12*(1-$H$7)),-0.01),0) -> -48863.71 | J48: =IF(J$19>ROUNDUP($B$14,0),IFERROR(IPMT($H$5,J$19-ROUNDUP($B$14,0),$H$6,$H$12*(1-$H$7)),-0.01),0) -> -47833.097 | K48: =IF(K$19>ROUNDUP($B$14,0),IFERROR(IPMT($H$5,K$19-ROUNDUP($B$14,0),$H$6,$H$12*(1-$H$7)),-0.01),0) -> -46792.177 | L48: =IF(L$19>ROUNDUP($B$14,0),IFERROR(IPMT($H$5,L$19-ROUNDUP($B$14,0),$H$6,$H$12*(1-$H$7)),-0.01),0) -> -45740.848 | ... AL48: =IF(AL$19>ROUNDUP($B$14,0),IFERROR(IPMT($H$5,AL$19-ROUNDUP($B$14,0),$H$6,$H$12*(1-$H$7)),-0.01),0) -> -14389.286
A50: Prevadzkovy uver BOB (refinanc bulletu)
A51: DPH vratka/platba | C51: FALSE | D51: =E51+NPV($K$5,F51:AK51) -> 2165678.5 | E51: 0 | F51: =-E24-E40 -> 1230752.1 | G51: =-F24-F40 -> 1230752.1 | H51: =-G24-G40 -> -175069.8 | I51: =-H24-H40 -> 0 | J51: =-I24-I40 -> 0 | K51: =-J24-J40 -> 0 | L51: =-K24-K40 -> 0 | M51: =-L24-L40 -> 0 | ... AL51: =-AK24-AK40 -> 0
A52: Cashflow pocas vystavby | B52: BOB | C52: FALSE | D52: =E52+NPV($K$5,F52:AK52) -> 17512722 | E52: =SUMIFS(E$21:E$40,$B$21:$B$40,$B52)+E51 -> 0 | F52: =SUMIFS(F$21:F$40,$B$21:$B$40,$B52)+F51 -> 1230752.1 | G52: =SUMIFS(G$21:G$40,$B$21:$B$40,$B52)+G51 -> 17830115 | H52: =SUMIFS(H$21:H$40,$B$21:$B$40,$B52)+H51 -> -175069.8 | I52: =SUMIFS(I$21:I$40,$B$21:$B$40,$B52)+I51 -> 0 | J52: =SUMIFS(J$21:J$40,$B$21:$B$40,$B52)+J51 -> 0 | K52: =SUMIFS(K$21:K$40,$B$21:$B$40,$B52)+K51 -> 0 | L52: =SUMIFS(L$21:L$40,$B$21:$B$40,$B52)+L51 -> 0 | ... AL52: =SUMIFS(AL$21:AL$40,$B$21:$B$40,$B52)+AL51 -> 0
A53: Nacerpanie uveru | B53: BOB | C53: FALSE | D53: =E53+NPV($K$5,F53:AK53) -> 280026.55 | E53: =IF(E19=ROUNDUP($B$14,0),-MIN(0,E52+E44),0) -> 0 | F53: =IF(F19=ROUNDUP($B$14,0),-MIN(0,F52+F44),0) -> 0 | G53: =IF(G19=ROUNDUP($B$14,0),-MIN(0,G52+G44),0) -> 302876.71 | H53: =IF(H19=ROUNDUP($B$14,0),-MIN(0,H52+H44),0) -> 0 | I53: =IF(I19=ROUNDUP($B$14,0),-MIN(0,I52+I44),0) -> 0 | J53: =IF(J19=ROUNDUP($B$14,0),-MIN(0,J52+J44),0) -> 0 | K53: =IF(K19=ROUNDUP($B$14,0),-MIN(0,K52+K44),0) -> 0 | L53: =IF(L19=ROUNDUP($B$14,0),-MIN(0,L52+L44),0) -> 0 | ... AL53: =IF(AL19=ROUNDUP($B$14,0),-MIN(0,AL52+AL44),0) -> 0
A54: Splatka uveru BOB (istina) | B54: BOB | C54: FALSE | D54: =E54+NPV($K$5,F54:AK54) -> -155658.88 | E54: =IF(E$19>ROUNDUP($B$14,0),IF(E55<>-0.01,PPMT($K$7,E$19-ROUNDUP($B$14,0),$K$8,SUM($E$53:$AL$53)),0.01),0) -> 0 | F54: =IF(F$19>ROUNDUP($B$14,0),IF(F55<>-0.01,PPMT($K$7,F$19-ROUNDUP($B$14,0),$K$8,SUM($E$53:$AL$53)),0.01),0) -> 0 | G54: =IF(G$19>ROUNDUP($B$14,0),IF(G55<>-0.01,PPMT($K$7,G$19-ROUNDUP($B$14,0),$K$8,SUM($E$53:$AL$53)),0.01),0) -> 0 | H54: =IF(H$19>ROUNDUP($B$14,0),IF(H55<>-0.01,PPMT($K$7,H$19-ROUNDUP($B$14,0),$K$8,SUM($E$53:$AL$53)),0.01),0) -> -5520.4485 | I54: =IF(I$19>ROUNDUP($B$14,0),IF(I55<>-0.01,PPMT($K$7,I$19-ROUNDUP($B$14,0),$K$8,SUM($E$53:$AL$53)),0.01),0) -> -5851.6754 | J54: =IF(J$19>ROUNDUP($B$14,0),IF(J55<>-0.01,PPMT($K$7,J$19-ROUNDUP($B$14,0),$K$8,SUM($E$53:$AL$53)),0.01),0) -> -6202.7759 | K54: =IF(K$19>ROUNDUP($B$14,0),IF(K55<>-0.01,PPMT($K$7,K$19-ROUNDUP($B$14,0),$K$8,SUM($E$53:$AL$53)),0.01),0) -> -6574.9425 | L54: =IF(L$19>ROUNDUP($B$14,0),IF(L55<>-0.01,PPMT($K$7,L$19-ROUNDUP($B$14,0),$K$8,SUM($E$53:$AL$53)),0.01),0) -> -6969.439 | ... AL54: =IF(AL$19>ROUNDUP($B$14,0),IF(AL55<>-0.01,PPMT($K$7,AL$19-ROUNDUP($B$14,0),$K$8,SUM($E$53:$AL$53)),0.01),0) -> 0.01
A55: Splatka uveru BOB (urok) | B55: BOB | C55: FALSE | D55: =E55+NPV($K$5,F55:AK55) -> -186551.5 | E55: =IF(E$19>ROUNDUP($B$14,0),IFERROR(IPMT($K$7,E$19-ROUNDUP($B$14,0),$K$8,SUM($E$53:$AL$53)),-0.01),0) -> 0 | F55: =IF(F$19>ROUNDUP($B$14,0),IFERROR(IPMT($K$7,F$19-ROUNDUP($B$14,0),$K$8,SUM($E$53:$AL$53)),-0.01),0) -> 0 | G55: =IF(G$19>ROUNDUP($B$14,0),IFERROR(IPMT($K$7,G$19-ROUNDUP($B$14,0),$K$8,SUM($E$53:$AL$53)),-0.01),0) -> 0 | H55: =IF(H$19>ROUNDUP($B$14,0),IFERROR(IPMT($K$7,H$19-ROUNDUP($B$14,0),$K$8,SUM($E$53:$AL$53)),-0.01),0) -> -18172.603 | I55: =IF(I$19>ROUNDUP($B$14,0),IFERROR(IPMT($K$7,I$19-ROUNDUP($B$14,0),$K$8,SUM($E$53:$AL$53)),-0.01),0) -> -17841.376 | J55: =IF(J$19>ROUNDUP($B$14,0),IFERROR(IPMT($K$7,J$19-ROUNDUP($B$14,0),$K$8,SUM($E$53:$AL$53)),-0.01),0) -> -17490.275 | K55: =IF(K$19>ROUNDUP($B$14,0),IFERROR(IPMT($K$7,K$19-ROUNDUP($B$14,0),$K$8,SUM($E$53:$AL$53)),-0.01),0) -> -17118.109 | L55: =IF(L$19>ROUNDUP($B$14,0),IFERROR(IPMT($K$7,L$19-ROUNDUP($B$14,0),$K$8,SUM($E$53:$AL$53)),-0.01),0) -> -16723.612 | ... AL55: =IF(AL$19>ROUNDUP($B$14,0),IFERROR(IPMT($K$7,AL$19-ROUNDUP($B$14,0),$K$8,SUM($E$53:$AL$53)),-0.01),0) -> -0.01
A57: OPEX
A58: Cashflow pred platbou | B58: BOB | C58: FALSE | D58: =E58+NPV($K$5,F58:AK58) -> 685568.66 | E58: =SUMIFS(E$52:E$55,$B$52:$B$55,$B$58)+SUMIFS(E$44:E$48,$B$44:$B$48,$B$58) -> 0 | F58: =SUMIFS(F$52:F$55,$B$52:$B$55,$B$58)+SUMIFS(F$44:F$48,$B$44:$B$48,$B$58) -> 1230752.1 | G58: =SUMIFS(G$52:G$55,$B$52:$B$55,$B$58)+SUMIFS(G$44:G$48,$B$44:$B$48,$B$58) -> 0 | H58: =SUMIFS(H$52:H$55,$B$52:$B$55,$B$58)+SUMIFS(H$44:H$48,$B$44:$B$48,$B$58) -> -198762.85 | I58: =SUMIFS(I$52:I$55,$B$52:$B$55,$B$58)+SUMIFS(I$44:I$48,$B$44:$B$48,$B$58) -> -23693.051 | J58: =SUMIFS(J$52:J$55,$B$52:$B$55,$B$58)+SUMIFS(J$44:J$48,$B$44:$B$48,$B$58) -> -23693.051 | K58: =SUMIFS(K$52:K$55,$B$52:$B$55,$B$58)+SUMIFS(K$44:K$48,$B$44:$B$48,$B$58) -> -23693.051 | L58: =SUMIFS(L$52:L$55,$B$52:$B$55,$B$58)+SUMIFS(L$44:L$48,$B$44:$B$48,$B$58) -> -23693.051 | ... AL58: =SUMIFS(AL$52:AL$55,$B$52:$B$55,$B$58)+SUMIFS(AL$44:AL$48,$B$44:$B$48,$B$58) -> 0
A59: Cashflow pred platbou | B59: HMBA | C59: FALSE | D59: =E59+NPV($K$5,F59:AK59) -> -242290.22 | E59: =SUMIFS(E$21:E$48,$B$21:$B$48,$B$59) -> 0 | F59: =SUMIFS(F$21:F$48,$B$21:$B$48,$B$59) -> 0 | G59: =SUMIFS(G$21:G$48,$B$21:$B$48,$B$59) -> 257091.99 | H59: =SUMIFS(H$21:H$48,$B$21:$B$48,$B$59) -> -157818.45 | I59: =SUMIFS(I$21:I$48,$B$21:$B$48,$B$59) -> -147329.1 | J59: =SUMIFS(J$21:J$48,$B$21:$B$48,$B$59) -> -136629.96 | K59: =SUMIFS(K$21:K$48,$B$21:$B$48,$B$59) -> -125716.83 | L59: =SUMIFS(L$21:L$48,$B$21:$B$48,$B$59) -> -114585.45 | ... AL59: =SUMIFS(AL$21:AL$48,$B$21:$B$48,$B$59) -> 798075.49
A60: Poplatok za spravu (platba od HMBA) | B60: HMBA | C60: FALSE | D60: =E60+NPV($K$5,F60:AK60) -> -3455148.9 | E60: =IF(E$18=0,E58,IF(F$18=0,(F58/(1+$B$13))*(ROUNDUP($B$14,0)-$B$14),0))*(1+$K$14) -> 0 | F60: =(F62+F63)*(1+$K$14) -> 0 | G60: =(G62+G63)*(1+$K$14) -> -81178.616 | H60: =(H62+H63)*(1+$K$14) -> -165604.38 | I60: =(I62+I63)*(1+$K$14) -> -168916.46 | J60: =(J62+J63)*(1+$K$14) -> -172294.79 | K60: =(K62+K63)*(1+$K$14) -> -175740.69 | L60: =(L62+L63)*(1+$K$14) -> -179255.5 | M60: =(M62+M63)*(1+$K$14) -> -182840.61 | ... AL60: =(AL62+AL63)*(1+$K$14) -> -299969.41
A61: Prijem poplatku za spravu | B61: BOB | C61: TRUE | D61: =E61+NPV($K$5,F61:AK61) -> 3290618 | E61: =-E60/(1+$B$11) -> 0 | F61: =-F60/(1+$B$11) -> 0 | G61: =-G60/(1+$B$11) -> 77312.967 | H61: =-H60/(1+$B$11) -> 157718.45 | I61: =-I60/(1+$B$11) -> 160872.82 | J61: =-J60/(1+$B$11) -> 164090.28 | K61: =-K60/(1+$B$11) -> 167372.08 | L61: =-L60/(1+$B$11) -> 170719.53 | ... AL61: =-AL60/(1+$B$11) -> 285685.15
A62: Naklady (udrzba bytov) | B62: BOB | C62: TRUE | D62: =E62+NPV($K$5,F62:AK62) -> -1347648.8 | E62: =IF(E19>$B$14,$E$14*$B$9*POWER(1+$B$13,E$19-ROUNDUP($B$14,0)),0)*IF(E$18=0,1,ROUNDUP($B$14,0)-$B$14)*IF($C62,1/(1+$B$7),1) -> 0 | F62: =IF(F19>$B$14,$E$14*$B$9*POWER(1+$B$13,F$19-ROUNDUP($B$14,0)),0)*IF(F$18=0,1,ROUNDUP($B$14,0)-$B$14)*IF($C62,1/(1+$B$7),1) -> 0 | G62: =IF(G19>$B$14,$E$14*$B$9*POWER(1+$B$13,G$19-ROUNDUP($B$14,0)),0)*IF(G$18=0,1,ROUNDUP($B$14,0)-$B$14)*IF($C62,1/(1+$B$7),1) -> -31662.967 | H62: =IF(H19>$B$14,$E$14*$B$9*POWER(1+$B$13,H$19-ROUNDUP($B$14,0)),0)*IF(H$18=0,1,ROUNDUP($B$14,0)-$B$14)*IF($C62,1/(1+$B$7),1) -> -64592.454 | I62: =IF(I19>$B$14,$E$14*$B$9*POWER(1+$B$13,I$19-ROUNDUP($B$14,0)),0)*IF(I$18=0,1,ROUNDUP($B$14,0)-$B$14)*IF($C62,1/(1+$B$7),1) -> -65884.303 | J62: =IF(J19>$B$14,$E$14*$B$9*POWER(1+$B$13,J$19-ROUNDUP($B$14,0)),0)*IF(J$18=0,1,ROUNDUP($B$14,0)-$B$14)*IF($C62,1/(1+$B$7),1) -> -67201.989 | K62: =IF(K19>$B$14,$E$14*$B$9*POWER(1+$B$13,K$19-ROUNDUP($B$14,0)),0)*IF(K$18=0,1,ROUNDUP($B$14,0)-$B$14)*IF($C62,1/(1+$B$7),1) -> -68546.029 | L62: =IF(L19>$B$14,$E$14*$B$9*POWER(1+$B$13,L$19-ROUNDUP($B$14,0)),0)*IF(L$18=0,1,ROUNDUP($B$14,0)-$B$14)*IF($C62,1/(1+$B$7),1) -> -69916.949 | ... AL62: =IF(AL19>$B$14,$E$14*$B$9*POWER(1+$B$13,AL$19-ROUNDUP($B$14,0)),0)*IF(AL$18=0,1,ROUNDUP($B$14,0)-$B$14)*IF($C62,1/(1+$B$7),1) -> -117000.29
A63: Naklady (overhead) | B63: BOB | C63: FALSE | D63: =E63+NPV($K$5,F63:AK63) -> -1942969.2 | E63: =IF(E19>$B$14,$N$14*$E$5*POWER(1+$B$13,E$19-ROUNDUP($B$14,0)),0)*IF(E$18=0,1,ROUNDUP($B$14,0)-$B$14) -> 0 | F63: =IF(F19>$B$14,$N$14*$E$5*POWER(1+$B$13,F$19-ROUNDUP($B$14,0)),0)*IF(F$18=0,1,ROUNDUP($B$14,0)-$B$14) -> 0 | G63: =IF(G19>$B$14,$N$14*$E$5*POWER(1+$B$13,G$19-ROUNDUP($B$14,0)),0)*IF(G$18=0,1,ROUNDUP($B$14,0)-$B$14) -> -45650 | H63: =IF(H19>$B$14,$N$14*$E$5*POWER(1+$B$13,H$19-ROUNDUP($B$14,0)),0)*IF(H$18=0,1,ROUNDUP($B$14,0)-$B$14) -> -93126 | I63: =IF(I19>$B$14,$N$14*$E$5*POWER(1+$B$13,I$19-ROUNDUP($B$14,0)),0)*IF(I$18=0,1,ROUNDUP($B$14,0)-$B$14) -> -94988.52 | J63: =IF(J19>$B$14,$N$14*$E$5*POWER(1+$B$13,J$19-ROUNDUP($B$14,0)),0)*IF(J$18=0,1,ROUNDUP($B$14,0)-$B$14) -> -96888.29 | K63: =IF(K19>$B$14,$N$14*$E$5*POWER(1+$B$13,K$19-ROUNDUP($B$14,0)),0)*IF(K$18=0,1,ROUNDUP($B$14,0)-$B$14) -> -98826.056 | L63: =IF(L19>$B$14,$N$14*$E$5*POWER(1+$B$13,L$19-ROUNDUP($B$14,0)),0)*IF(L$18=0,1,ROUNDUP($B$14,0)-$B$14) -> -100802.58 | ... AL63: =IF(AL19>$B$14,$N$14*$E$5*POWER(1+$B$13,AL$19-ROUNDUP($B$14,0)),0)*IF(AL$18=0,1,ROUNDUP($B$14,0)-$B$14) -> -168684.86
A64: DPH na vystupe | B64: BOB | D64: =E64+NPV($K$5,F64:AK64) -> 164530.9 | E64: =E61*$B$11 -> 0 | F64: =F61*$B$11 -> 0 | G64: =G61*$B$11 -> 3865.6484 | H64: =H61*$B$11 -> 7885.9227 | I64: =I61*$B$11 -> 8043.6411 | J64: =J61*$B$11 -> 8204.514 | K64: =K61*$B$11 -> 8368.6042 | L64: =L61*$B$11 -> 8535.9763 | ... AL64: =AL61*$B$11 -> 14284.257
A65: DPH na vstupe | B65: BOB | D65: =E65+NPV($K$5,F65:AK65) -> -67382.442 | E65: =E62*$B$11 -> 0 | F65: =F62*$B$11 -> 0 | G65: =G62*$B$11 -> -1583.1484 | H65: =H62*$B$11 -> -3229.6227 | I65: =I62*$B$11 -> -3294.2151 | J65: =J62*$B$11 -> -3360.0994 | K65: =K62*$B$11 -> -3427.3014 | L65: =L62*$B$11 -> -3495.8475 | ... AL65: =AL62*$B$11 -> -5850.0145
A66: Vratky DPH | B66: BOB | D66: =E66+NPV($K$5,F66:AK66) -> -91145.531 | E66: 0 | F66: =-E65-E64 -> 0 | G66: =-F65-F64 -> 0 | H66: =-G65-G64 -> -2282.5 | I66: =-H65-H64 -> -4656.3 | J66: =-I65-I64 -> -4749.426 | K66: =-J65-J64 -> -4844.4145 | L66: =-K65-K64 -> -4941.3028 | M66: =-L65-L64 -> -5040.1289 | ... AL66: =-AK65-AK64 -> -8268.8656
A67: Cashflow po platbe | B67: BOB | D67: =E67+NPV($K$5,F67:AK67) -> 691571.59 | E67: =SUMIFS(E$58:E$65,$B$58:$B$65,$B67) -> 0 | F67: =SUMIFS(F$58:F$65,$B$58:$B$65,$B67)-E65-E64 -> 1230752.1 | G67: =SUMIFS(G$58:G$65,$B$58:$B$65,$B67)-F65-F64 -> 2282.5 | H67: =SUMIFS(H$58:H$65,$B$58:$B$65,$B67)-G65-G64 -> -196389.05 | I67: =SUMIFS(I$58:I$65,$B$58:$B$65,$B67)-H65-H64 -> -23599.925 | J67: =SUMIFS(J$58:J$65,$B$58:$B$65,$B67)-I65-I64 -> -23598.063 | K67: =SUMIFS(K$58:K$65,$B$58:$B$65,$B67)-J65-J64 -> -23596.163 | L67: =SUMIFS(L$58:L$65,$B$58:$B$65,$B67)-K65-K64 -> -23594.225 | M67: =SUMIFS(M$58:M$65,$B$58:$B$65,$B67)-L65-L64 -> -23592.249 | ... AL67: =SUMIFS(AL$58:AL$65,$B$58:$B$65,$B67)-AK65-AK64 -> 165.37731
A68: Cashflow po platbe | B68: HMBA | D68: =E68+NPV($K$5,F68:AK68) -> -3697439.1 | E68: =SUMIFS(E$58:E$65,$B$58:$B$65,$B68) -> 0 | F68: =SUMIFS(F$58:F$65,$B$58:$B$65,$B68) -> 0 | G68: =SUMIFS(G$58:G$65,$B$58:$B$65,$B68) -> 175913.37 | H68: =SUMIFS(H$58:H$65,$B$58:$B$65,$B68) -> -323422.83 | I68: =SUMIFS(I$58:I$65,$B$58:$B$65,$B68) -> -316245.56 | J68: =SUMIFS(J$58:J$65,$B$58:$B$65,$B68) -> -308924.75 | K68: =SUMIFS(K$58:K$65,$B$58:$B$65,$B68) -> -301457.52 | L68: =SUMIFS(L$58:L$65,$B$58:$B$65,$B68) -> -293840.95 | ... AL68: =SUMIFS(AL$58:AL$65,$B$58:$B$65,$B68) -> 498106.09

Sheet antolska_HMBA
A1: Genericky investicny CF model
A2: Na jednom harku aby sa dal lahko kopirovat
A4: Predpoklady
A5: Nazov projektu | B5: Antolska | D5: Pocet bytov (najomne byvanie) | E5: 83 | G5: Urokova sadzba SFRB | H5: 0.01 | J5: Urokova sadzba HMBA | K5: 0.04
A6: Stavebne naklady s DPH | B6: -16454620 | D6: Rozloha bytov (najomne byvanie) | E6: 4199 | G6: Maturita SFRB (roky) | H6: 40 | J6: Maturita HMBA (roky) | K6: 25
A7: Aplikovana sadzba DPH pre stavebne naklady | B7: 0.23 | D7: Jednotkove naklady bez DPH (eur/m2) | E7: =B8/E6 -> -3185.9347 | G7: Podiel dotacie/SFRB | H7: 0.4 | J7: Urokova sadzba BOB | K7: 0.06
A8: Stavebne naklady bez DPH | B8: =B6/(1+$B$7) -> -13377740 | D8: Podiel bytov vhodnych na dotaciu/SFRB | E8: 1 | G8: Dotacny strop na m2 BOB | H8: 1980 | J8: Maturita BOB (roky, prevadzka) | K8: 25
A9: Investor | B9: HMBA | D9: NFA (m2) | E9: 6893 | G9: Dotacny strop na m2 HMBA | H9: 2140
M10: Relevantny HMBA uver | N10: =IF($B$9="BOB",N12,N11) -> 8367346
A11: DPH pre BOB | B11: 0.05 | D11: Najomne bytov/mesiac/m2 | E11: 7 | G11: SFRB+dotacia HMBA model | H11: =MIN(H9,-$E$7)*$E$6*0.9 -> 8087274 | J11: Frekvencia CAPEX obnovy | K11: 10 | M11: Potreba uveru HMBA (HMBA model) | N11: =-B8*(1+$B$12)-H11 -> 8367346
A12: DPH pre HMBA | B12: 0.23 | D12: Najomne nebytov/mesiac/m2 | E12: 2.5 | G12: SFRB+dotacia BOB model | H12: =MIN(H8,-$E$7)*$E$6 -> 8314020 | J12: Percento CAPEX obnovy | K12: 0.05 | M12: Potreba uveru HMBA (BOB model) | N12: =MAX(N13-H12,0) -> 0
A13: Indexacia najomneho p.a. | B13: 0.02 | D13: Fond oprav mesiac/m2 | E13: 1.5 | G13: Prijem z najomneho 1. rok (vratane fondu oprav, byty) | H13: =(E11+E13)*E6*12 -> 428298 | J13: Tvorba fondu na CAPEX opravy | K13: 0.007 | M13: Kupna cena od BOBu | N13: =MAX((-SUM(E44:AL44)+SUMIFS(E24:AL24,E18:AL18,">0"))*(1+B11)*(1+K14),0) -> 0
A14: Trvanie vystavby (roky) | B14: 1.5 | D14: Naklady na spravu a prevadkzu s DPH (/m2/rok) | E14: -11.3 | G14: Prijem z najomneho 1. rok (vratane fondu oprav, nebyty) | H14: =(E9-E6)*E12*12 -> 80820 | J14: Ziskova marza pre BOB | K14: 0.05 | M14: Overhead OPEX pre BOB / byt | N14: -1100
A16: Cashflow
A18: Fazovanie vystavby | E18: =IF(E$19<=ROUNDDOWN($B$14,0),(ROUNDDOWN($B$14,0)/$B$14)/ROUNDDOWN($B$14,0),IF(E$19=ROUNDUP($B$14,0),1-SUM($D$18:D18),0)) -> 0.66666667 | F18: =IF(F$19<=ROUNDDOWN($B$14,0),(ROUNDDOWN($B$14,0)/$B$14)/ROUNDDOWN($B$14,0),IF(F$19=ROUNDUP($B$14,0),1-SUM($D$18:E18),0)) -> 0.33333333 | G18: =IF(G$19<=ROUNDDOWN($B$14,0),(ROUNDDOWN($B$14,0)/$B$14)/ROUNDDOWN($B$14,0),IF(G$19=ROUNDUP($B$14,0),1-SUM($D$18:F18),0)) -> 0 | H18: =IF(H$19<=ROUNDDOWN($B$14,0),(ROUNDDOWN($B$14,0)/$B$14)/ROUNDDOWN($B$14,0),IF(H$19=ROUNDUP($B$14,0),1-SUM($D$18:G18),0)) -> 0 | I18: =IF(I$19<=ROUNDDOWN($B$14,0),(ROUNDDOWN($B$14,0)/$B$14)/ROUNDDOWN($B$14,0),IF(I$19=ROUNDUP($B$14,0),1-SUM($D$18:H18),0)) -> 0 | J18: =IF(J$19<=ROUNDDOWN($B$14,0),(ROUNDDOWN($B$14,0)/$B$14)/ROUNDDOWN($B$14,0),IF(J$19=ROUNDUP($B$14,0),1-SUM($D$18:I18),0)) -> 0 | K18: =IF(K$19<=ROUNDDOWN($B$14,0),(ROUNDDOWN($B$14,0)/$B$14)/ROUNDDOWN($B$14,0),IF(K$19=ROUNDUP($B$14,0),1-SUM($D$18:J18),0)) -> 0 | L18: =IF(L$19<=ROUNDDOWN($B$14,0),(ROUNDDOWN($B$14,0)/$B$14)/ROUNDDOWN($B$14,0),IF(L$19=ROUNDUP($B$14,0),1-SUM($D$18:K18),0)) -> 0 | M18: =IF(M$19<=ROUNDDOWN($B$14,0),(ROUNDDOWN($B$14,0)/$B$14)/ROUNDDOWN($B$14,0),IF(M$19=ROUNDUP($B$14,0),1-SUM($D$18:L18),0)) -> 0
A19: Polozka | B19: Vlastnik polozky | C19: DPH | D19: PV | E19: 1 | F19: 2 | G19: 3 | H19: 4 | I19: 5 | J19: 6 | K19: 7 | L19: 8 | M19: 9 | N19: 10 | O19: 11 | P19: 12 | Q19: 13 | R19: 14 | S19: 15 | T19: 16 | U19: 17 | V19: 18 | W19: 19 | X19: 20 | Y19: 21 | Z19: 22 | AA19: 23 | AB19: 24 | AC19: 25 | AD19: 26 | AE19: 27 | AF19: 28 | AG19: 29 | AH19: 30 | AI19: 31 | AJ19: 32 | AK19: 33 | AL19: 34
A20: Naklady bez DPH
A21: CAPEX vystavba | B21: =$B$9 -> HMBA | C21: =B21="BOB" -> FALSE | D21: =E21+NPV($K$5,F21:AK21) -> -16243663 | E21: =IF($B21="BOB",$B$8,$B$6)*E$18 -> -10969747 | F21: =IF($B21="BOB",$B$8,$B$6)*F$18 -> -5484873.3 | G21: =IF($B21="BOB",$B$8,$B$6)*G$18 -> 0 | H21: =IF($B21="BOB",$B$8,$B$6)*H$18 -> 0 | I21: =IF($B21="BOB",$B$8,$B$6)*I$18 -> 0 | J21: =IF($B21="BOB",$B$8,$B$6)*J$18 -> 0 | K21: =IF($B21="BOB",$B$8,$B$6)*K$18 -> 0 | L21: =IF($B21="BOB",$B$8,$B$6)*L$18 -> 0 | ... AL21: =IF($B21="BOB",$B$8,$B$6)*AL$18 -> 0
A22: CAPEX obnova | B22: HMBA | C22: =B22="BOB" -> FALSE | D22: =E22+NPV($K$5,F22:AK22) -> -1139379.4 | E22: =IF(E$19<($K$11+ROUNDUP($B$14,0)),0,IF(MOD(E$19-ROUNDUP($B$14,0),$K$11)=0,$B$6*$K$12*POWER(1+$B$13,E$19-ROUNDUP(E19,0)),0)) -> 0 | F22: =IF(F$19<($K$11+ROUNDUP($B$14,0)),0,IF(MOD(F$19-ROUNDUP($B$14,0),$K$11)=0,$B$6*$K$12*POWER(1+$B$13,F$19-ROUNDUP(F19,0)),0)) -> 0 | G22: =IF(G$19<($K$11+ROUNDUP($B$14,0)),0,IF(MOD(G$19-ROUNDUP($B$14,0),$K$11)=0,$B$6*$K$12*POWER(1+$B$13,G$19-ROUNDUP(G19,0)),0)) -> 0 | H22: =IF(H$19<($K$11+ROUNDUP($B$14,0)),0,IF(MOD(H$19-ROUNDUP($B$14,0),$K$11)=0,$B$6*$K$12*POWER(1+$B$13,H$19-ROUNDUP(H19,0)),0)) -> 0 | I22: =IF(I$19<($K$11+ROUNDUP($B$14,0)),0,IF(MOD(I$19-ROUNDUP($B$14,0),$K$11)=0,$B$6*$K$12*POWER(1+$B$13,I$19-ROUNDUP(I19,0)),0)) -> 0 | J22: =IF(J$19<($K$11+ROUNDUP($B$14,0)),0,IF(MOD(J$19-ROUNDUP($B$14,0),$K$11)=0,$B$6*$K$12*POWER(1+$B$13,J$19-ROUNDUP(J19,0)),0)) -> 0 | K22: =IF(K$19<($K$11+ROUNDUP($B$14,0)),0,IF(MOD(K$19-ROUNDUP($B$14,0),$K$11)=0,$B$6*$K$12*POWER(1+$B$13,K$19-ROUNDUP(K19,0)),0)) -> 0 | L22: =IF(L$19<($K$11+ROUNDUP($B$14,0)),0,IF(MOD(L$19-ROUNDUP($B$14,0),$K$11)=0,$B$6*$K$12*POWER(1+$B$13,L$19-ROUNDUP(L19,0)),0)) -> 0 | ... AL22: =IF(AL$19<($K$11+ROUNDUP($B$14,0)),0,IF(MOD(AL$19-ROUNDUP($B$14,0),$K$11)=0,$B$6*$K$12*POWER(1+$B$13,AL$19-ROUNDUP(AL19,0)),0)) -> 0
A24: DPH na vstupe | B24: BOB | D24: =E24+NPV($K$5,F24:AK24) -> 0 | E24: =SUMIFS(E$21:E$23,$C$21:$C$23,TRUE)*$B$12 -> 0 | F24: =SUMIFS(F$21:F$23,$C$21:$C$23,TRUE)*$B$12 -> 0 | G24: =SUMIFS(G$21:G$23,$C$21:$C$23,TRUE)*$B$12 -> 0 | H24: =SUMIFS(H$21:H$23,$C$21:$C$23,TRUE)*$B$12 -> 0 | I24: =SUMIFS(I$21:I$23,$C$21:$C$23,TRUE)*$B$12 -> 0 | J24: =SUMIFS(J$21:J$23,$C$21:$C$23,TRUE)*$B$12 -> 0 | K24: =SUMIFS(K$21:K$23,$C$21:$C$23,TRUE)*$B$12 -> 0 | L24: =SUMIFS(L$21:L$23,$C$21:$C$23,TRUE)*$B$12 -> 0 | ... AL24: =SUMIFS(AL$21:AL$23,$C$21:$C$23,TRUE)*$B$12 -> 0
A26: Najomne a fond oprav
A27: Prijem z najomneho byty | B27: HMBA | C27: FALSE | D27: =E27+NPV($K$5,F27:AK27) -> 9801401.3 | E27: =IF(E19>$B$14,$H$13*POWER(1+$B$13,E$19-$B$14),0)*(1-(($B$14-ROUNDDOWN($B$14,0))*IF(E$19=ROUNDUP($B$14,0),1,0))) -> 0 | F27: =IF(F19>$B$14,$H$13*POWER(1+$B$13,F$19-$B$14),0)*(1-(($B$14-ROUNDDOWN($B$14,0))*IF(F$19=ROUNDUP($B$14,0),1,0))) -> 216279.89 | G27: =IF(G19>$B$14,$H$13*POWER(1+$B$13,G$19-$B$14),0)*(1-(($B$14-ROUNDDOWN($B$14,0))*IF(G$19=ROUNDUP($B$14,0),1,0))) -> 441210.97 | H27: =IF(H19>$B$14,$H$13*POWER(1+$B$13,H$19-$B$14),0)*(1-(($B$14-ROUNDDOWN($B$14,0))*IF(H$19=ROUNDUP($B$14,0),1,0))) -> 450035.19 | I27: =IF(I19>$B$14,$H$13*POWER(1+$B$13,I$19-$B$14),0)*(1-(($B$14-ROUNDDOWN($B$14,0))*IF(I$19=ROUNDUP($B$14,0),1,0))) -> 459035.9 | J27: =IF(J19>$B$14,$H$13*POWER(1+$B$13,J$19-$B$14),0)*(1-(($B$14-ROUNDDOWN($B$14,0))*IF(J$19=ROUNDUP($B$14,0),1,0))) -> 468216.61 | K27: =IF(K19>$B$14,$H$13*POWER(1+$B$13,K$19-$B$14),0)*(1-(($B$14-ROUNDDOWN($B$14,0))*IF(K$19=ROUNDUP($B$14,0),1,0))) -> 477580.95 | L27: =IF(L19>$B$14,$H$13*POWER(1+$B$13,L$19-$B$14),0)*(1-(($B$14-ROUNDDOWN($B$14,0))*IF(L$19=ROUNDUP($B$14,0),1,0))) -> 487132.56 | ... AL27: =IF(AL19>$B$14,$H$13*POWER(1+$B$13,AL$19-$B$14),0)*(1-(($B$14-ROUNDDOWN($B$14,0))*IF(AL$19=ROUNDUP($B$14,0),1,0))) -> 815176.46
A28: Prijem z najomneho nebyty | B28: HMBA | C28: FALSE | D28: =E28+NPV($K$5,F28:AK28) -> 1849528.3 | E28: =IF(E19>$B$14,$H$14*POWER(1+$B$13,E$19-$B$14),0)*(1-(($B$14-ROUNDDOWN($B$14,0))*IF(E$19=ROUNDUP($B$14,0),1,0))) -> 0 | F28: =IF(F19>$B$14,$H$14*POWER(1+$B$13,F$19-$B$14),0)*(1-(($B$14-ROUNDDOWN($B$14,0))*IF(F$19=ROUNDUP($B$14,0),1,0))) -> 40812.099 | G28: =IF(G19>$B$14,$H$14*POWER(1+$B$13,G$19-$B$14),0)*(1-(($B$14-ROUNDDOWN($B$14,0))*IF(G$19=ROUNDUP($B$14,0),1,0))) -> 83256.683 | H28: =IF(H19>$B$14,$H$14*POWER(1+$B$13,H$19-$B$14),0)*(1-(($B$14-ROUNDDOWN($B$14,0))*IF(H$19=ROUNDUP($B$14,0),1,0))) -> 84921.817 | I28: =IF(I19>$B$14,$H$14*POWER(1+$B$13,I$19-$B$14),0)*(1-(($B$14-ROUNDDOWN($B$14,0))*IF(I$19=ROUNDUP($B$14,0),1,0))) -> 86620.253 | J28: =IF(J19>$B$14,$H$14*POWER(1+$B$13,J$19-$B$14),0)*(1-(($B$14-ROUNDDOWN($B$14,0))*IF(J$19=ROUNDUP($B$14,0),1,0))) -> 88352.658 | K28: =IF(K19>$B$14,$H$14*POWER(1+$B$13,K$19-$B$14),0)*(1-(($B$14-ROUNDDOWN($B$14,0))*IF(K$19=ROUNDUP($B$14,0),1,0))) -> 90119.711 | L28: =IF(L19>$B$14,$H$14*POWER(1+$B$13,L$19-$B$14),0)*(1-(($B$14-ROUNDDOWN($B$14,0))*IF(L$19=ROUNDUP($B$14,0),1,0))) -> 91922.105 | ... AL28: =IF(AL19>$B$14,$H$14*POWER(1+$B$13,AL$19-$B$14),0)*(1-(($B$14-ROUNDDOWN($B$14,0))*IF(AL$19=ROUNDUP($B$14,0),1,0))) -> 153824.12
A29: Tvorba fondu oprav na CAPEX | C29: FALSE | D29: =E29+NPV($K$5,F29:AK29) -> -2691821.6 | E29: =IF(E27>0,$B$6*$K$13*POWER(1+$B$13,E$19-$B$14),0) -> 0 | F29: =IF(F27>0,$B$6*$K$13*POWER(1+$B$13,F$19-$B$14),0) -> -116328.46 | G29: =IF(G27>0,$B$6*$K$13*POWER(1+$B$13,G$19-$B$14),0) -> -118655.03 | H29: =IF(H27>0,$B$6*$K$13*POWER(1+$B$13,H$19-$B$14),0) -> -121028.13 | I29: =IF(I27>0,$B$6*$K$13*POWER(1+$B$13,I$19-$B$14),0) -> -123448.69 | J29: =IF(J27>0,$B$6*$K$13*POWER(1+$B$13,J$19-$B$14),0) -> -125917.67 | K29: =IF(K27>0,$B$6*$K$13*POWER(1+$B$13,K$19-$B$14),0) -> -128436.02 | L29: =IF(L27>0,$B$6*$K$13*POWER(1+$B$13,L$19-$B$14),0) -> -131004.74 | ... AL29: =IF(AL27>0,$B$6*$K$13*POWER(1+$B$13,AL$19-$B$14),0) -> -219225.71
A30: Cerpanie fondu oprav na CAPEX | C30: FALSE | D30: =E30+NPV($K$5,F30:AK30) -> 1139379.4 | E30: =-E22 -> 0 | F30: =-F22 -> 0 | G30: =-G22 -> 0 | H30: =-H22 -> 0 | I30: =-I22 -> 0 | J30: =-J22 -> 0 | K30: =-K22 -> 0 | L30: =-L22 -> 0 | ... AL30: =-AL22 -> 0
A31: Zostatok fondu oprav na CAPEX | E31: 0 | F31: =E31-F29-F30 -> 116328.46 | G31: =F31-G29-G30 -> 234983.49 | H31: =G31-H29-H30 -> 356011.62 | I31: =H31-I29-I30 -> 479460.32 | J31: =I31-J29-J30 -> 605377.98 | K31: =J31-K29-K30 -> 733814 | L31: =K31-L29-L30 -> 864818.75 | M31: =L31-M29-M30 -> 998443.58 | ... AL31: =AK31-AL29-AL30 -> 2895895
A33: Financovanie
A34: Cerpanie komercneho uveru (bullet) | B34: BOB | C34: FALSE | D34: =E34+NPV($K$5,F34:AK34) -> 0 | E34: =IF($B$21="BOB",IF(E18>0,-E21-E24,0),0) -> 0 | F34: =IF($B$21="BOB",IF(F18>0,-F21-F24,0),0) -> 0 | G34: =IF($B$21="BOB",IF(G18>0,-G21-G24,0),0) -> 0 | H34: =IF($B$21="BOB",IF(H18>0,-H21-H24,0),0) -> 0 | I34: =IF($B$21="BOB",IF(I18>0,-I21-I24,0),0) -> 0 | J34: =IF($B$21="BOB",IF(J18>0,-J21-J24,0),0) -> 0 | K34: =IF($B$21="BOB",IF(K18>0,-K21-K24,0),0) -> 0 | L34: =IF($B$21="BOB",IF(L18>0,-L21-L24,0),0) -> 0 | ... AL34: =IF($B$21="BOB",IF(AL18>0,-AL21-AL24,0),0) -> 0
A35: Dotacia SFRB | B35: HMBA | C35: FALSE | D35: =E35+NPV($K$5,F35:AK35) -> 3110490 | E35: =IF(E$19=ROUNDUP($B$14,0),IF($B$21="BOB",$H$12,$H$11)*$H$7,0) -> 0 | F35: =IF(F$19=ROUNDUP($B$14,0),IF($B$21="BOB",$H$12,$H$11)*$H$7,0) -> 3234909.6 | G35: =IF(G$19=ROUNDUP($B$14,0),IF($B$21="BOB",$H$12,$H$11)*$H$7,0) -> 0 | H35: =IF(H$19=ROUNDUP($B$14,0),IF($B$21="BOB",$H$12,$H$11)*$H$7,0) -> 0 | I35: =IF(I$19=ROUNDUP($B$14,0),IF($B$21="BOB",$H$12,$H$11)*$H$7,0) -> 0 | J35: =IF(J$19=ROUNDUP($B$14,0),IF($B$21="BOB",$H$12,$H$11)*$H$7,0) -> 0 | K35: =IF(K$19=ROUNDUP($B$14,0),IF($B$21="BOB",$H$12,$H$11)*$H$7,0) -> 0 | L35: =IF(L$19=ROUNDUP($B$14,0),IF($B$21="BOB",$H$12,$H$11)*$H$7,0) -> 0 | ... AL35: =IF(AL$19=ROUNDUP($B$14,0),IF($B$21="BOB",$H$12,$H$11)*$H$7,0) -> 0
A36: Uver SFRB | B36: HMBA | C36: FALSE | D36: =E36+NPV($K$5,F36:AK36) -> 4665735 | E36: =IF(E$19=ROUNDUP($B$14,0),IF($B$21="BOB",$H$12,$H$11)*(1-$H$7),0) -> 0 | F36: =IF(F$19=ROUNDUP($B$14,0),IF($B$21="BOB",$H$12,$H$11)*(1-$H$7),0) -> 4852364.4 | G36: =IF(G$19=ROUNDUP($B$14,0),IF($B$21="BOB",$H$12,$H$11)*(1-$H$7),0) -> 0 | H36: =IF(H$19=ROUNDUP($B$14,0),IF($B$21="BOB",$H$12,$H$11)*(1-$H$7),0) -> 0 | I36: =IF(I$19=ROUNDUP($B$14,0),IF($B$21="BOB",$H$12,$H$11)*(1-$H$7),0) -> 0 | J36: =IF(J$19=ROUNDUP($B$14,0),IF($B$21="BOB",$H$12,$H$11)*(1-$H$7),0) -> 0 | K36: =IF(K$19=ROUNDUP($B$14,0),IF($B$21="BOB",$H$12,$H$11)*(1-$H$7),0) -> 0 | L36: =IF(L$19=ROUNDUP($B$14,0),IF($B$21="BOB",$H$12,$H$11)*(1-$H$7),0) -> 0 | ... AL36: =IF(AL$19=ROUNDUP($B$14,0),IF($B$21="BOB",$H$12,$H$11)*(1-$H$7),0) -> 0
A37: Uver HMBA | B37: HMBA | C37: FALSE | D37: =E37+NPV($K$5,F37:AK37) -> 8045525 | E37: =IF(E$19=ROUNDUP($B$14,0),$N$10,0) -> 0 | F37: =IF(F$19=ROUNDUP($B$14,0),$N$10,0) -> 8367346 | G37: =IF(G$19=ROUNDUP($B$14,0),$N$10,0) -> 0 | H37: =IF(H$19=ROUNDUP($B$14,0),$N$10,0) -> 0 | I37: =IF(I$19=ROUNDUP($B$14,0),$N$10,0) -> 0 | J37: =IF(J$19=ROUNDUP($B$14,0),$N$10,0) -> 0 | K37: =IF(K$19=ROUNDUP($B$14,0),$N$10,0) -> 0 | L37: =IF(L$19=ROUNDUP($B$14,0),$N$10,0) -> 0 | ... AL37: =IF(AL$19=ROUNDUP($B$14,0),$N$10,0) -> 0
A38: Kupa bytov do vlastnictva HMBA | B38: HMBA | C38: FALSE | D38: =E38+NPV($K$5,F38:AK38) -> 0 | E38: =IF($B$21="BOB",IF(E$19=ROUNDUP($B$14,0),-$H$12-$N$12,0),0) -> 0 | F38: =IF($B$21="BOB",IF(F$19=ROUNDUP($B$14,0),-$H$12-$N$12,0),0) -> 0 | G38: =IF($B$21="BOB",IF(G$19=ROUNDUP($B$14,0),-$H$12-$N$12,0),0) -> 0 | H38: =IF($B$21="BOB",IF(H$19=ROUNDUP($B$14,0),-$H$12-$N$12,0),0) -> 0 | I38: =IF($B$21="BOB",IF(I$19=ROUNDUP($B$14,0),-$H$12-$N$12,0),0) -> 0 | J38: =IF($B$21="BOB",IF(J$19=ROUNDUP($B$14,0),-$H$12-$N$12,0),0) -> 0 | K38: =IF($B$21="BOB",IF(K$19=ROUNDUP($B$14,0),-$H$12-$N$12,0),0) -> 0 | L38: =IF($B$21="BOB",IF(L$19=ROUNDUP($B$14,0),-$H$12-$N$12,0),0) -> 0 | ... AL38: =IF($B$21="BOB",IF(AL$19=ROUNDUP($B$14,0),-$H$12-$N$12,0),0) -> 0
A39: Prijem z predaja bytov | B39: BOB | C39: TRUE | D39: =E39+NPV($K$5,F39:AK39) -> 0 | E39: =-E38/(1+$B$11) -> 0 | F39: =-F38/(1+$B$11) -> 0 | G39: =-G38/(1+$B$11) -> 0 | H39: =-H38/(1+$B$11) -> 0 | I39: =-I38/(1+$B$11) -> 0 | J39: =-J38/(1+$B$11) -> 0 | K39: =-K38/(1+$B$11) -> 0 | L39: =-L38/(1+$B$11) -> 0 | ... AL39: =-AL38/(1+$B$11) -> 0
A40: DPH na vystupe | B40: BOB | D40: =E40+NPV($K$5,F40:AK40) -> 0 | E40: =SUMIFS(E$34:E$39,$C$34:$C$39,TRUE)*$B$11 -> 0 | F40: =SUMIFS(F$34:F$39,$C$34:$C$39,TRUE)*$B$11 -> 0 | G40: =SUMIFS(G$34:G$39,$C$34:$C$39,TRUE)*$B$11 -> 0 | H40: =SUMIFS(H$34:H$39,$C$34:$C$39,TRUE)*$B$11 -> 0 | I40: =SUMIFS(I$34:I$39,$C$34:$C$39,TRUE)*$B$11 -> 0 | J40: =SUMIFS(J$34:J$39,$C$34:$C$39,TRUE)*$B$11 -> 0 | K40: =SUMIFS(K$34:K$39,$C$34:$C$39,TRUE)*$B$11 -> 0 | L40: =SUMIFS(L$34:L$39,$C$34:$C$39,TRUE)*$B$11 -> 0 | ... AL40: =SUMIFS(AL$34:AL$39,$C$34:$C$39,TRUE)*$B$11 -> 0
A42: Dlhova sluzba
A43: Kapitalizacia urokov komercneho uveru | B43: FALSE | C43: FALSE | E43: =E34*0.5*$K$7*IF(E18=0,0,1) -> 0 | F43: =(SUM($E$34:E34)+F34*0.5)*$K$7*IF(F18=0,0,1) -> 0 | G43: =(SUM($E$34:F34)+G34*0.5)*$K$7*IF(G18=0,0,1) -> 0 | H43: =(SUM($E$34:G34)+H34*0.5)*$K$7*IF(H18=0,0,1) -> 0 | I43: =(SUM($E$34:H34)+I34*0.5)*$K$7*IF(I18=0,0,1) -> 0 | J43: =(SUM($E$34:I34)+J34*0.5)*$K$7*IF(J18=0,0,1) -> 0 | K43: =(SUM($E$34:J34)+K34*0.5)*$K$7*IF(K18=0,0,1) -> 0 | L43: =(SUM($E$34:K34)+L34*0.5)*$K$7*IF(L18=0,0,1) -> 0 | M43: =(SUM($E$34:L34)+M34*0.5)*$K$7*IF(M18=0,0,1) -> 0 | ... AL43: =(SUM($E$34:AK34)+AL34*0.5)*$K$7*IF(AL18=0,0,1) -> 0
A44: Splatka komercneho uveru | B44: BOB | C44: FALSE | D44: =E44+NPV($K$5,F44:AK44) -> 0 | E44: =-IF(E19=ROUNDUP($B$14,0),SUM($E$34:$AL$34,$E$43:$AL$43),0) -> 0 | F44: =-IF(F19=ROUNDUP($B$14,0),SUM($E$34:$AL$34,$E$43:$AL$43),0) -> 0 | G44: =-IF(G19=ROUNDUP($B$14,0),SUM($E$34:$AL$34,$E$43:$AL$43),0) -> 0 | H44: =-IF(H19=ROUNDUP($B$14,0),SUM($E$34:$AL$34,$E$43:$AL$43),0) -> 0 | I44: =-IF(I19=ROUNDUP($B$14,0),SUM($E$34:$AL$34,$E$43:$AL$43),0) -> 0 | J44: =-IF(J19=ROUNDUP($B$14,0),SUM($E$34:$AL$34,$E$43:$AL$43),0) -> 0 | K44: =-IF(K19=ROUNDUP($B$14,0),SUM($E$34:$AL$34,$E$43:$AL$43),0) -> 0 | L44: =-IF(L19=ROUNDUP($B$14,0),SUM($E$34:$AL$34,$E$43:$AL$43),0) -> 0 | ... AL44: =-IF(AL19=ROUNDUP($B$14,0),SUM($E$34:$AL$34,$E$43:$AL$43),0) -> 0
A45: Splatka uveru HMBA (istina) | B45: HMBA | C45: FALSE | D45: =E45+NPV($K$5,F45:AK45) -> -4643962.6 | E45: =IF(E$19>ROUNDUP($B$14,0),IF(E46<>-0.01,PPMT($K$5,E$19-ROUNDUP($B$14,0),$K$6,$N$10),0.01),0) -> 0 | F45: =IF(F$19>ROUNDUP($B$14,0),IF(F46<>-0.01,PPMT($K$5,F$19-ROUNDUP($B$14,0),$K$6,$N$10),0.01),0) -> 0 | G45: =IF(G$19>ROUNDUP($B$14,0),IF(G46<>-0.01,PPMT($K$5,G$19-ROUNDUP($B$14,0),$K$6,$N$10),0.01),0) -> -200916.4 | H45: =IF(H$19>ROUNDUP($B$14,0),IF(H46<>-0.01,PPMT($K$5,H$19-ROUNDUP($B$14,0),$K$6,$N$10),0.01),0) -> -208953.06 | I45: =IF(I$19>ROUNDUP($B$14,0),IF(I46<>-0.01,PPMT($K$5,I$19-ROUNDUP($B$14,0),$K$6,$N$10),0.01),0) -> -217311.18 | J45: =IF(J$19>ROUNDUP($B$14,0),IF(J46<>-0.01,PPMT($K$5,J$19-ROUNDUP($B$14,0),$K$6,$N$10),0.01),0) -> -226003.63 | K45: =IF(K$19>ROUNDUP($B$14,0),IF(K46<>-0.01,PPMT($K$5,K$19-ROUNDUP($B$14,0),$K$6,$N$10),0.01),0) -> -235043.77 | L45: =IF(L$19>ROUNDUP($B$14,0),IF(L46<>-0.01,PPMT($K$5,L$19-ROUNDUP($B$14,0),$K$6,$N$10),0.01),0) -> -244445.52 | ... AL45: =IF(AL$19>ROUNDUP($B$14,0),IF(AL46<>-0.01,PPMT($K$5,AL$19-ROUNDUP($B$14,0),$K$6,$N$10),0.01),0) -> 0.01
A46: Splatka uveru HMBA (uroky) | B46: HMBA | C46: FALSE | D46: =E46+NPV($K$5,F46:AK46) -> -3401562.4 | E46: =IF(E$19>ROUNDUP($B$14,0),IFERROR(IPMT($K$5,E$19-ROUNDUP($B$14,0),$K$6,$N$10),-0.01),0) -> 0 | F46: =IF(F$19>ROUNDUP($B$14,0),IFERROR(IPMT($K$5,F$19-ROUNDUP($B$14,0),$K$6,$N$10),-0.01),0) -> 0 | G46: =IF(G$19>ROUNDUP($B$14,0),IFERROR(IPMT($K$5,G$19-ROUNDUP($B$14,0),$K$6,$N$10),-0.01),0) -> -334693.84 | H46: =IF(H$19>ROUNDUP($B$14,0),IFERROR(IPMT($K$5,H$19-ROUNDUP($B$14,0),$K$6,$N$10),-0.01),0) -> -326657.18 | I46: =IF(I$19>ROUNDUP($B$14,0),IFERROR(IPMT($K$5,I$19-ROUNDUP($B$14,0),$K$6,$N$10),-0.01),0) -> -318299.06 | J46: =IF(J$19>ROUNDUP($B$14,0),IFERROR(IPMT($K$5,J$19-ROUNDUP($B$14,0),$K$6,$N$10),-0.01),0) -> -309606.61 | K46: =IF(K$19>ROUNDUP($B$14,0),IFERROR(IPMT($K$5,K$19-ROUNDUP($B$14,0),$K$6,$N$10),-0.01),0) -> -300566.47 | L46: =IF(L$19>ROUNDUP($B$14,0),IFERROR(IPMT($K$5,L$19-ROUNDUP($B$14,0),$K$6,$N$10),-0.01),0) -> -291164.72 | ... AL46: =IF(AL$19>ROUNDUP($B$14,0),IFERROR(IPMT($K$5,AL$19-ROUNDUP($B$14,0),$K$6,$N$10),-0.01),0) -> -0.01
A47: Splatka uveru SFRB (istina) | B47: HMBA | C47: FALSE | D47: =E47+NPV($K$5,F47:AK47) -> -1897420.4 | E47: =IF(E$19>ROUNDUP($B$14,0),IF(E48<>-0.01,PPMT($H$5,E$19-ROUNDUP($B$14,0),$H$6,IF($B$9="BOB",$H$12,$H$11)*(1-$H$7)),0.01),0) -> 0 | F47: =IF(F$19>ROUNDUP($B$14,0),IF(F48<>-0.01,PPMT($H$5,F$19-ROUNDUP($B$14,0),$H$6,IF($B$9="BOB",$H$12,$H$11)*(1-$H$7)),0.01),0) -> 0 | G47: =IF(G$19>ROUNDUP($B$14,0),IF(G48<>-0.01,PPMT($H$5,G$19-ROUNDUP($B$14,0),$H$6,IF($B$9="BOB",$H$12,$H$11)*(1-$H$7)),0.01),0) -> -99258.015 | H47: =IF(H$19>ROUNDUP($B$14,0),IF(H48<>-0.01,PPMT($H$5,H$19-ROUNDUP($B$14,0),$H$6,IF($B$9="BOB",$H$12,$H$11)*(1-$H$7)),0.01),0) -> -100250.6 | I47: =IF(I$19>ROUNDUP($B$14,0),IF(I48<>-0.01,PPMT($H$5,I$19-ROUNDUP($B$14,0),$H$6,IF($B$9="BOB",$H$12,$H$11)*(1-$H$7)),0.01),0) -> -101253.1 | J47: =IF(J$19>ROUNDUP($B$14,0),IF(J48<>-0.01,PPMT($H$5,J$19-ROUNDUP($B$14,0),$H$6,IF($B$9="BOB",$H$12,$H$11)*(1-$H$7)),0.01),0) -> -102265.63 | K47: =IF(K$19>ROUNDUP($B$14,0),IF(K48<>-0.01,PPMT($H$5,K$19-ROUNDUP($B$14,0),$H$6,IF($B$9="BOB",$H$12,$H$11)*(1-$H$7)),0.01),0) -> -103288.29 | L47: =IF(L$19>ROUNDUP($B$14,0),IF(L48<>-0.01,PPMT($H$5,L$19-ROUNDUP($B$14,0),$H$6,IF($B$9="BOB",$H$12,$H$11)*(1-$H$7)),0.01),0) -> -104321.17 | ... AL47: =IF(AL$19>ROUNDUP($B$14,0),IF(AL48<>-0.01,PPMT($H$5,AL$19-ROUNDUP($B$14,0),$H$6,IF($B$9="BOB",$H$12,$H$11)*(1-$H$7)),0.01),0) -> -135122.66
A48: Splatka uveru SFRB (uroky) | B48: HMBA | C48: FALSE | D48: =E48+NPV($K$5,F48:AK48) -> -601864.91 | E48: =IF(E$19>ROUNDUP($B$14,0),IFERROR(IPMT($H$5,E$19-ROUNDUP($B$14,0),$H$6,IF($B$9="BOB",$H$12,$H$11)*(1-$H$7)),-0.01),0) -> 0 | F48: =IF(F$19>ROUNDUP($B$14,0),IFERROR(IPMT($H$5,F$19-ROUNDUP($B$14,0),$H$6,IF($B$9="BOB",$H$12,$H$11)*(1-$H$7)),-0.01),0) -> 0 | G48: =IF(G$19>ROUNDUP($B$14,0),IFERROR(IPMT($H$5,G$19-ROUNDUP($B$14,0),$H$6,IF($B$9="BOB",$H$12,$H$11)*(1-$H$7)),-0.01),0) -> -48523.644 | H48: =IF(H$19>ROUNDUP($B$14,0),IFERROR(IPMT($H$5,H$19-ROUNDUP($B$14,0),$H$6,IF($B$9="BOB",$H$12,$H$11)*(1-$H$7)),-0.01),0) -> -47531.064 | I48: =IF(I$19>ROUNDUP($B$14,0),IFERROR(IPMT($H$5,I$19-ROUNDUP($B$14,0),$H$6,IF($B$9="BOB",$H$12,$H$11)*(1-$H$7)),-0.01),0) -> -46528.558 | J48: =IF(J$19>ROUNDUP($B$14,0),IFERROR(IPMT($H$5,J$19-ROUNDUP($B$14,0),$H$6,IF($B$9="BOB",$H$12,$H$11)*(1-$H$7)),-0.01),0) -> -45516.027 | K48: =IF(K$19>ROUNDUP($B$14,0),IFERROR(IPMT($H$5,K$19-ROUNDUP($B$14,0),$H$6,IF($B$9="BOB",$H$12,$H$11)*(1-$H$7)),-0.01),0) -> -44493.371 | L48: =IF(L$19>ROUNDUP($B$14,0),IFERROR(IPMT($H$5,L$19-ROUNDUP($B$14,0),$H$6,IF($B$9="BOB",$H$12,$H$11)*(1-$H$7)),-0.01),0) -> -43460.488 | ... AL48: =IF(AL$19>ROUNDUP($B$14,0),IFERROR(IPMT($H$5,AL$19-ROUNDUP($B$14,0),$H$6,IF($B$9="BOB",$H$12,$H$11)*(1-$H$7)),-0.01),0) -> -12659.003
A50: Prevadzkovy uver BOB (refinanc bulletu)
A51: DPH vratka/platba | C51: FALSE | D51: =E51+NPV($K$5,F51:AK51) -> 0 | E51: 0 | F51: =-E24-E40 -> 0 | G51: =-F24-F40 -> 0 | H51: =-G24-G40 -> 0 | I51: =-H24-H40 -> 0 | J51: =-I24-I40 -> 0 | K51: =-J24-J40 -> 0 | L51: =-K24-K40 -> 0 | M51: =-L24-L40 -> 0 | ... AL51: =-AK24-AK40 -> 0
A52: Cashflow pocas vystavby | B52: HMBA | C52: FALSE | D52: =E52+NPV($K$5,F52:AK52) -> 10089637 | E52: =SUMIFS(E$21:E$40,$B$21:$B$40,$B52)+E51 -> -10969747 | F52: =SUMIFS(F$21:F$40,$B$21:$B$40,$B52)+F51 -> 11226839 | G52: =SUMIFS(G$21:G$40,$B$21:$B$40,$B52)+G51 -> 524467.66 | H52: =SUMIFS(H$21:H$40,$B$21:$B$40,$B52)+H51 -> 534957.01 | I52: =SUMIFS(I$21:I$40,$B$21:$B$40,$B52)+I51 -> 545656.15 | J52: =SUMIFS(J$21:J$40,$B$21:$B$40,$B52)+J51 -> 556569.27 | K52: =SUMIFS(K$21:K$40,$B$21:$B$40,$B52)+K51 -> 567700.66 | L52: =SUMIFS(L$21:L$40,$B$21:$B$40,$B52)+L51 -> 579054.67 | ... AL52: =SUMIFS(AL$21:AL$40,$B$21:$B$40,$B52)+AL51 -> 969000.57
A53: Nacerpanie uveru | B53: BOB | C53: FALSE | D53: =E53+NPV($K$5,F53:AK53) -> 0 | E53: =IF(E19=ROUNDUP($B$14,0),-MIN(0,E52+E44),0) -> 0 | F53: =IF(F19=ROUNDUP($B$14,0),-MIN(0,F52+F44),0) -> 0 | G53: =IF(G19=ROUNDUP($B$14,0),-MIN(0,G52+G44),0) -> 0 | H53: =IF(H19=ROUNDUP($B$14,0),-MIN(0,H52+H44),0) -> 0 | I53: =IF(I19=ROUNDUP($B$14,0),-MIN(0,I52+I44),0) -> 0 | J53: =IF(J19=ROUNDUP($B$14,0),-MIN(0,J52+J44),0) -> 0 | K53: =IF(K19=ROUNDUP($B$14,0),-MIN(0,K52+K44),0) -> 0 | L53: =IF(L19=ROUNDUP($B$14,0),-MIN(0,L52+L44),0) -> 0 | ... AL53: =IF(AL19=ROUNDUP($B$14,0),-MIN(0,AL52+AL44),0) -> 0
A54: Splatka uveru BOB (istina) | B54: BOB | C54: FALSE | D54: =E54+NPV($K$5,F54:AK54) -> 0.018907823 | E54: =IF(E$19>ROUNDUP($B$14,0),IF(E55<>-0.01,PPMT($K$7,E$19-ROUNDUP($B$14,0),$K$8,SUM($E$53:$AL$53)),0.01),0) -> 0 | F54: =IF(F$19>ROUNDUP($B$14,0),IF(F55<>-0.01,PPMT($K$7,F$19-ROUNDUP($B$14,0),$K$8,SUM($E$53:$AL$53)),0.01),0) -> 0 | G54: =IF(G$19>ROUNDUP($B$14,0),IF(G55<>-0.01,PPMT($K$7,G$19-ROUNDUP($B$14,0),$K$8,SUM($E$53:$AL$53)),0.01),0) -> 0 | H54: =IF(H$19>ROUNDUP($B$14,0),IF(H55<>-0.01,PPMT($K$7,H$19-ROUNDUP($B$14,0),$K$8,SUM($E$53:$AL$53)),0.01),0) -> 0 | I54: =IF(I$19>ROUNDUP($B$14,0),IF(I55<>-0.01,PPMT($K$7,I$19-ROUNDUP($B$14,0),$K$8,SUM($E$53:$AL$53)),0.01),0) -> 0 | J54: =IF(J$19>ROUNDUP($B$14,0),IF(J55<>-0.01,PPMT($K$7,J$19-ROUNDUP($B$14,0),$K$8,SUM($E$53:$AL$53)),0.01),0) -> 0 | K54: =IF(K$19>ROUNDUP($B$14,0),IF(K55<>-0.01,PPMT($K$7,K$19-ROUNDUP($B$14,0),$K$8,SUM($E$53:$AL$53)),0.01),0) -> 0 | L54: =IF(L$19>ROUNDUP($B$14,0),IF(L55<>-0.01,PPMT($K$7,L$19-ROUNDUP($B$14,0),$K$8,SUM($E$53:$AL$53)),0.01),0) -> 0 | ... AL54: =IF(AL$19>ROUNDUP($B$14,0),IF(AL55<>-0.01,PPMT($K$7,AL$19-ROUNDUP($B$14,0),$K$8,SUM($E$53:$AL$53)),0.01),0) -> 0.01
A55: Splatka uveru BOB (urok) | B55: BOB | C55: FALSE | D55: =E55+NPV($K$5,F55:AK55) -> -0.018907823 | E55: =IF(E$19>ROUNDUP($B$14,0),IFERROR(IPMT($K$7,E$19-ROUNDUP($B$14,0),$K$8,SUM($E$53:$AL$53)),-0.01),0) -> 0 | F55: =IF(F$19>ROUNDUP($B$14,0),IFERROR(IPMT($K$7,F$19-ROUNDUP($B$14,0),$K$8,SUM($E$53:$AL$53)),-0.01),0) -> 0 | G55: =IF(G$19>ROUNDUP($B$14,0),IFERROR(IPMT($K$7,G$19-ROUNDUP($B$14,0),$K$8,SUM($E$53:$AL$53)),-0.01),0) -> 0 | H55: =IF(H$19>ROUNDUP($B$14,0),IFERROR(IPMT($K$7,H$19-ROUNDUP($B$14,0),$K$8,SUM($E$53:$AL$53)),-0.01),0) -> 0 | I55: =IF(I$19>ROUNDUP($B$14,0),IFERROR(IPMT($K$7,I$19-ROUNDUP($B$14,0),$K$8,SUM($E$53:$AL$53)),-0.01),0) -> 0 | J55: =IF(J$19>ROUNDUP($B$14,0),IFERROR(IPMT($K$7,J$19-ROUNDUP($B$14,0),$K$8,SUM($E$53:$AL$53)),-0.01),0) -> 0 | K55: =IF(K$19>ROUNDUP($B$14,0),IFERROR(IPMT($K$7,K$19-ROUNDUP($B$14,0),$K$8,SUM($E$53:$AL$53)),-0.01),0) -> 0 | L55: =IF(L$19>ROUNDUP($B$14,0),IFERROR(IPMT($K$7,L$19-ROUNDUP($B$14,0),$K$8,SUM($E$53:$AL$53)),-0.01),0) -> 0 | ... AL55: =IF(AL$19>ROUNDUP($B$14,0),IFERROR(IPMT($K$7,AL$19-ROUNDUP($B$14,0),$K$8,SUM($E$53:$AL$53)),-0.01),0) -> -0.01
A57: OPEX
A58: Cashflow pred platbou | B58: BOB | C58: FALSE | D58: =E58+NPV($K$5,F58:AK58) -> 0 | E58: =SUMIFS(E$52:E$55,$B$52:$B$55,$B$58)+SUMIFS(E$44:E$48,$B$44:$B$48,$B$58) -> 0 | F58: =SUMIFS(F$52:F$55,$B$52:$B$55,$B$58)+SUMIFS(F$44:F$48,$B$44:$B$48,$B$58) -> 0 | G58: =SUMIFS(G$52:G$55,$B$52:$B$55,$B$58)+SUMIFS(G$44:G$48,$B$44:$B$48,$B$58) -> 0 | H58: =SUMIFS(H$52:H$55,$B$52:$B$55,$B$58)+SUMIFS(H$44:H$48,$B$44:$B$48,$B$58) -> 0 | I58: =SUMIFS(I$52:I$55,$B$52:$B$55,$B$58)+SUMIFS(I$44:I$48,$B$44:$B$48,$B$58) -> 0 | J58: =SUMIFS(J$52:J$55,$B$52:$B$55,$B$58)+SUMIFS(J$44:J$48,$B$44:$B$48,$B$58) -> 0 | K58: =SUMIFS(K$52:K$55,$B$52:$B$55,$B$58)+SUMIFS(K$44:K$48,$B$44:$B$48,$B$58) -> 0 | L58: =SUMIFS(L$52:L$55,$B$52:$B$55,$B$58)+SUMIFS(L$44:L$48,$B$44:$B$48,$B$58) -> 0 | ... AL58: =SUMIFS(AL$52:AL$55,$B$52:$B$55,$B$58)+SUMIFS(AL$44:AL$48,$B$44:$B$48,$B$58) -> 0
A59: Cashflow pred platbou | B59: HMBA | C59: FALSE | D59: =E59+NPV($K$5,F59:AK59) -> -455173.54 | E59: =SUMIFS(E$21:E$48,$B$21:$B$48,$B$59) -> -10969747 | F59: =SUMIFS(F$21:F$48,$B$21:$B$48,$B$59) -> 11226839 | G59: =SUMIFS(G$21:G$48,$B$21:$B$48,$B$59) -> -158924.25 | H59: =SUMIFS(H$21:H$48,$B$21:$B$48,$B$59) -> -148434.89 | I59: =SUMIFS(I$21:I$48,$B$21:$B$48,$B$59) -> -137735.75 | J59: =SUMIFS(J$21:J$48,$B$21:$B$48,$B$59) -> -126822.63 | K59: =SUMIFS(K$21:K$48,$B$21:$B$48,$B$59) -> -115691.24 | L59: =SUMIFS(L$21:L$48,$B$21:$B$48,$B$59) -> -104337.23 | ... AL59: =SUMIFS(AL$21:AL$48,$B$21:$B$48,$B$59) -> 821218.91
A60: Poplatok za spravu (platba od HMBA) | B60: HMBA | C60: FALSE | D60: =E60+NPV($K$5,F60:AK60) -> 0 | E60: =IF($B$9="BOB",IF(E$18=0,E58,IF(F$18=0,(F58/(1+$B$13))*(ROUNDUP($B$14,0)-$B$14),0))*(1+$K$14),0) -> 0 | F60: =IF($B$9="BOB",IF(F$18=0,F58,IF(G$18=0,(G58/(1+$B$13))*(ROUNDUP($B$14,0)-$B$14),0))*(1+$K$14),0) -> 0 | G60: =IF($B$9="BOB",IF(G$18=0,G58,IF(H$18=0,(H58/(1+$B$13))*(ROUNDUP($B$14,0)-$B$14),0))*(1+$K$14),0) -> 0 | H60: =IF($B$9="BOB",IF(H$18=0,H58,IF(I$18=0,(I58/(1+$B$13))*(ROUNDUP($B$14,0)-$B$14),0))*(1+$K$14),0) -> 0 | I60: =IF($B$9="BOB",IF(I$18=0,I58,IF(J$18=0,(J58/(1+$B$13))*(ROUNDUP($B$14,0)-$B$14),0))*(1+$K$14),0) -> 0 | J60: =IF($B$9="BOB",IF(J$18=0,J58,IF(K$18=0,(K58/(1+$B$13))*(ROUNDUP($B$14,0)-$B$14),0))*(1+$K$14),0) -> 0 | K60: =IF($B$9="BOB",IF(K$18=0,K58,IF(L$18=0,(L58/(1+$B$13))*(ROUNDUP($B$14,0)-$B$14),0))*(1+$K$14),0) -> 0 | L60: =IF($B$9="BOB",IF(L$18=0,L58,IF(M$18=0,(M58/(1+$B$13))*(ROUNDUP($B$14,0)-$B$14),0))*(1+$K$14),0) -> 0 | ... AL60: =IF($B$9="BOB",IF(AL$18=0,AL58,IF(AM$18=0,(AM58/(1+$B$13))*(ROUNDUP($B$14,0)-$B$14),0))*(1+$K$14),0) -> 0
A61: Prijem poplatku za spravu | B61: HMBA | C61: =B61="BOB" -> FALSE | D61: =E61+NPV($K$5,F61:AK61) -> 0 | E61: =-E60/(1+$B$11) -> 0 | F61: =-F60/(1+$B$11) -> 0 | G61: =-G60/(1+$B$11) -> 0 | H61: =-H60/(1+$B$11) -> 0 | I61: =-I60/(1+$B$11) -> 0 | J61: =-J60/(1+$B$11) -> 0 | K61: =-K60/(1+$B$11) -> 0 | L61: =-L60/(1+$B$11) -> 0 | ... AL61: =-AL60/(1+$B$11) -> 0
A62: Naklady (udrzba bytov) | B62: =B21 -> HMBA | C62: =B62="BOB" -> FALSE | D62: =E62+NPV($K$5,F62:AK62) -> -1764935.2 | E62: =IF(E19>$B$14,$E$14*$E$9*POWER(1+$B$13,E$19-ROUNDUP($B$14,0)),0)*IF(E$18=0,1,ROUNDUP($B$14,0)-$B$14)*IF($C62,1/(1+$B$7),1) -> 0 | F62: =IF(F19>$B$14,$E$14*$E$9*POWER(1+$B$13,F$19-ROUNDUP($B$14,0)),0)*IF(F$18=0,1,ROUNDUP($B$14,0)-$B$14)*IF($C62,1/(1+$B$7),1) -> -38945.45 | G62: =IF(G19>$B$14,$E$14*$E$9*POWER(1+$B$13,G$19-ROUNDUP($B$14,0)),0)*IF(G$18=0,1,ROUNDUP($B$14,0)-$B$14)*IF($C62,1/(1+$B$7),1) -> -79448.718 | H62: =IF(H19>$B$14,$E$14*$E$9*POWER(1+$B$13,H$19-ROUNDUP($B$14,0)),0)*IF(H$18=0,1,ROUNDUP($B$14,0)-$B$14)*IF($C62,1/(1+$B$7),1) -> -81037.692 | I62: =IF(I19>$B$14,$E$14*$E$9*POWER(1+$B$13,I$19-ROUNDUP($B$14,0)),0)*IF(I$18=0,1,ROUNDUP($B$14,0)-$B$14)*IF($C62,1/(1+$B$7),1) -> -82658.446 | J62: =IF(J19>$B$14,$E$14*$E$9*POWER(1+$B$13,J$19-ROUNDUP($B$14,0)),0)*IF(J$18=0,1,ROUNDUP($B$14,0)-$B$14)*IF($C62,1/(1+$B$7),1) -> -84311.615 | K62: =IF(K19>$B$14,$E$14*$E$9*POWER(1+$B$13,K$19-ROUNDUP($B$14,0)),0)*IF(K$18=0,1,ROUNDUP($B$14,0)-$B$14)*IF($C62,1/(1+$B$7),1) -> -85997.847 | L62: =IF(L19>$B$14,$E$14*$E$9*POWER(1+$B$13,L$19-ROUNDUP($B$14,0)),0)*IF(L$18=0,1,ROUNDUP($B$14,0)-$B$14)*IF($C62,1/(1+$B$7),1) -> -87717.804 | ... AL62: =IF(AL19>$B$14,$E$14*$E$9*POWER(1+$B$13,AL$19-ROUNDUP($B$14,0)),0)*IF(AL$18=0,1,ROUNDUP($B$14,0)-$B$14)*IF($C62,1/(1+$B$7),1) -> -146788.56
A63: Naklady (overhead) | B63: =B22 -> HMBA | C63: FALSE | D63: =E63+NPV($K$5,F63:AK63) -> -2068772.9 | E63: =IF(E19>$B$14,$N$14*$E$5*POWER(1+$B$13,E$19-ROUNDUP($B$14,0)),0)*IF(E$18=0,1,ROUNDUP($B$14,0)-$B$14) -> 0 | F63: =IF(F19>$B$14,$N$14*$E$5*POWER(1+$B$13,F$19-ROUNDUP($B$14,0)),0)*IF(F$18=0,1,ROUNDUP($B$14,0)-$B$14) -> -45650 | G63: =IF(G19>$B$14,$N$14*$E$5*POWER(1+$B$13,G$19-ROUNDUP($B$14,0)),0)*IF(G$18=0,1,ROUNDUP($B$14,0)-$B$14) -> -93126 | H63: =IF(H19>$B$14,$N$14*$E$5*POWER(1+$B$13,H$19-ROUNDUP($B$14,0)),0)*IF(H$18=0,1,ROUNDUP($B$14,0)-$B$14) -> -94988.52 | I63: =IF(I19>$B$14,$N$14*$E$5*POWER(1+$B$13,I$19-ROUNDUP($B$14,0)),0)*IF(I$18=0,1,ROUNDUP($B$14,0)-$B$14) -> -96888.29 | J63: =IF(J19>$B$14,$N$14*$E$5*POWER(1+$B$13,J$19-ROUNDUP($B$14,0)),0)*IF(J$18=0,1,ROUNDUP($B$14,0)-$B$14) -> -98826.056 | K63: =IF(K19>$B$14,$N$14*$E$5*POWER(1+$B$13,K$19-ROUNDUP($B$14,0)),0)*IF(K$18=0,1,ROUNDUP($B$14,0)-$B$14) -> -100802.58 | L63: =IF(L19>$B$14,$N$14*$E$5*POWER(1+$B$13,L$19-ROUNDUP($B$14,0)),0)*IF(L$18=0,1,ROUNDUP($B$14,0)-$B$14) -> -102818.63 | ... AL63: =IF(AL19>$B$14,$N$14*$E$5*POWER(1+$B$13,AL$19-ROUNDUP($B$14,0)),0)*IF(AL$18=0,1,ROUNDUP($B$14,0)-$B$14) -> -172058.56
A64: DPH na vystupe | B64: BOB | D64: =E64+NPV($K$5,F64:AK64) -> 0 | E64: =E61*$B$11 -> 0 | F64: =F61*$B$11 -> 0 | G64: =G61*$B$11 -> 0 | H64: =H61*$B$11 -> 0 | I64: =I61*$B$11 -> 0 | J64: =J61*$B$11 -> 0 | K64: =K61*$B$11 -> 0 | L64: =L61*$B$11 -> 0 | ... AL64: =AL61*$B$11 -> 0
A65: DPH na vstupe | B65: BOB | D65: =E65+NPV($K$5,F65:AK65) -> -88246.759 | E65: =E62*$B$11 -> 0 | F65: =F62*$B$11 -> -1947.2725 | G65: =G62*$B$11 -> -3972.4359 | H65: =H62*$B$11 -> -4051.8846 | I65: =I62*$B$11 -> -4132.9223 | J65: =J62*$B$11 -> -4215.5808 | K65: =K62*$B$11 -> -4299.8924 | L65: =L62*$B$11 -> -4385.8902 | ... AL65: =AL62*$B$11 -> -7339.4281
A67: Cashflow po platbe | B67: BOB | D67: =E67+NPV($K$5,F67:AK67) -> -5366.3556 | E67: =SUMIFS(E$58:E$65,$B$58:$B$65,$B67) -> 0 | F67: =SUMIFS(F$58:F$65,$B$58:$B$65,$B67)-E65-E64 -> -1947.2725 | G67: =SUMIFS(G$58:G$65,$B$58:$B$65,$B67)-F65-F64 -> -2025.1634 | H67: =SUMIFS(H$58:H$65,$B$58:$B$65,$B67)-G65-G64 -> -79.448718 | I67: =SUMIFS(I$58:I$65,$B$58:$B$65,$B67)-H65-H64 -> -81.037692 | J67: =SUMIFS(J$58:J$65,$B$58:$B$65,$B67)-I65-I64 -> -82.658446 | K67: =SUMIFS(K$58:K$65,$B$58:$B$65,$B67)-J65-J64 -> -84.311615 | L67: =SUMIFS(L$58:L$65,$B$58:$B$65,$B67)-K65-K64 -> -85.997847 | M67: =SUMIFS(M$58:M$65,$B$58:$B$65,$B67)-L65-L64 -> -87.717804 | ... AL67: =SUMIFS(AL$58:AL$65,$B$58:$B$65,$B67)-AK65-AK64 -> -143.91036
A68: Cashflow po platbe | B68: HMBA | D68: =E68+NPV($K$5,F68:AK68) -> -4288881.6 | E68: =SUMIFS(E$58:E$65,$B$58:$B$65,$B68) -> -10969747 | F68: =SUMIFS(F$58:F$65,$B$58:$B$65,$B68) -> 11142243 | G68: =SUMIFS(G$58:G$65,$B$58:$B$65,$B68) -> -331498.96 | H68: =SUMIFS(H$58:H$65,$B$58:$B$65,$B68) -> -324461.1 | I68: =SUMIFS(I$58:I$65,$B$58:$B$65,$B68) -> -317282.49 | J68: =SUMIFS(J$58:J$65,$B$58:$B$65,$B68) -> -309960.3 | K68: =SUMIFS(K$58:K$65,$B$58:$B$65,$B68) -> -302491.67 | L68: =SUMIFS(L$58:L$65,$B$58:$B$65,$B68) -> -294873.66 | ... AL68: =SUMIFS(AL$58:AL$65,$B$58:$B$65,$B68) -> 502371.8

Sheet navratkach_porovnanie
A1: Vystavba BD Na Vratkach
A2: Porovnanie investicie cez BOB a priamo cez HMBA
A4: Vysledok za konsolidovany celok HMBA
A5: Sucasne hodnoty financnych tokov | B5: Model BOB | C5: Model HMBA
A6: Vydavky | B6: =B7+B8 -> -56419874 | C6: =C7+C8 -> -67119772
A7: CAPEX (vystavba + udrzba) | B7: =navratkach_BOB!D21+navratkach_BOB!D22 -> -45349041 | C7: =navratkach_HMBA!D21+navratkach_HMBA!D22 -> -55137450
A8: OPEX (udrba + overhead) | B8: =navratkach_BOB!D62+navratkach_BOB!D63 -> -11070833 | C8: =navratkach_HMBA!D62+navratkach_HMBA!D63 -> -11982321
A9: Prijmy | B9: =B10+B11+B12 -> 35244589 | C9: =C10+C11+C12 -> 40893475
A10: Cisty prijem z najomneho | B10: =SUM(navratkach_BOB!D27:D28) -> 40893475 | C10: =SUM(navratkach_HMBA!D27:D28) -> 40893475
A11: Cisty financny tok z kupy bytov (HMBA od BOB) | B11: =navratkach_BOB!D38+navratkach_BOB!D39 -> -2415275.4 | C11: 0
A12: Cisty financny tok z poplatku za spravu (HMBA pre BOB) | B12: =navratkach_BOB!D61+navratkach_BOB!D60 -> -3233609.8 | C12: 0
A13: Financovanie | B13: =B14+B15+B16+B17 -> 21262630 | C13: =SUM(C14:C17) -> 23483055
A14: Dotacia a uver SFRB | B14: =navratkach_BOB!D35+navratkach_BOB!D36 -> 35005352 | C14: =navratkach_HMBA!D36+navratkach_HMBA!D35 -> 34050660
A15: Uvery (bullet aj dlhodoby uver HMBA) | B15: =navratkach_BOB!D34+navratkach_BOB!D37 -> 68062141 | C15: =navratkach_HMBA!D34+navratkach_HMBA!D37 -> 15257855
A16: Splatky komercnych uverov/uveru HMBA | B16: =navratkach_BOB!D44+navratkach_BOB!D46+navratkach_BOB!D45 -> -70940969 | C16: =navratkach_HMBA!D44+navratkach_HMBA!D45+navratkach_HMBA!D46 -> -15257855
A17: Splatka SFRB uveru | B17: =navratkach_BOB!D47+navratkach_BOB!D48 -> -10863894 | C17: =navratkach_HMBA!D47+navratkach_HMBA!D48 -> -10567606
A18: DPH | B18: =SUM(B19:B20) -> 2751878.1 | C18: =SUM(C19:C20) -> 0
A19: DPH na vstupe/vystupe | B19: =navratkach_BOB!D24+navratkach_BOB!D40+navratkach_BOB!D64+navratkach_BOB!D65 -> -4337673.5 | C19: 0
A20: Vratky DPH | B20: =navratkach_BOB!D51+navratkach_BOB!D66 -> 7089551.5 | C20: 0
A22: Cisty financny tok (BOB+HMBA) | B22: =B6+B9+B13+B18 -> 2839222.9 | C22: =C6+C9+C13+C18 -> -2743242.7
A23: Relativna vyhodnost BOB oproti HMBA | C23: =B22-C22 -> 5582465.6
A24: ROI | B24: =-B22/B7 -> 0.062608224 | C24: =-C22/C7 -> -0.049752802

Sheet navratkach_BOB
A1: Genericky investicny CF model
A2: Na jednom harku aby sa dal lahko kopirovat
A4: Predpoklady
A5: Nazov projektu | B5: Antolska | D5: Pocet bytov (najomne byvanie) | E5: 331 | G5: Urokova sadzba SFRB | H5: 0.01 | J5: Urokova sadzba HMBA | K5: 0.04
A6: Stavebne naklady s DPH | B6: -55465374 | D6: Rozloha bytov (najomne byvanie) | E6: 19887 | G6: Maturita SFRB (roky) | H6: 40 | J6: Maturita HMBA (roky) | K6: 25
A7: Aplikovana sadzba DPH pre stavebne naklady | B7: 0.23 | D7: Jednotkove naklady bez DPH (eur/m2) | E7: =B8/E6 -> -2267.5014 | G7: Podiel dotacie/SFRB | H7: 0.4 | J7: Urokova sadzba BOB | K7: 0.06
A8: Stavebne naklady bez DPH | B8: =B6/(1+$B$7) -> -45093800 | D8: Podiel bytov vhodnych na dotaciu/SFRB | E8: 1 | G8: Dotacny strop na m2 BOB | H8: 1980 | J8: Maturita BOB (roky, prevadzka) | K8: 25
A9: Investor | B9: BOB | D9: NFA (m2) | E9: 22097 | G9: Dotacny strop na m2 HMBA | H9: 2140
M10: Relevantny HMBA uver | N10: =IF($B$9="BOB",N12,N11) -> 17677723
A11: DPH pre BOB | B11: 0.05 | D11: Najomne bytov/mesiac/m2 | E11: 7 | G11: SFRB+dotacia HMBA model | H11: =MIN(H9,-$E$7)*$E$6*0.9 -> 38302362 | J11: Frekvencia CAPEX obnovy | K11: 10 | M11: Potreba uveru HMBA (HMBA model) | N11: =-B8*(1+$B$12)-H11 -> 17163012
A12: DPH pre HMBA | B12: 0.23 | D12: Najomne nebytov/mesiac/m2 | E12: 2.5 | G12: SFRB+dotacia BOB model | H12: =MIN(H8,-$E$7)*$E$6 -> 39376260 | J12: Percento CAPEX obnovy | K12: 0.05 | M12: Potreba uveru HMBA (BOB model) | N12: =MAX(N13-H12,0) -> 17677723
A13: Indexacia najomneho p.a. | B13: 0.02 | D13: Fond oprav mesiac/m2 | E13: 1.5 | G13: Prijem z najomneho 1. rok (vratane fondu oprav, byty) | H13: =(E11+E13)*E6*12 -> 2028474 | J13: Tvorba fondu na CAPEX opravy | K13: 0.007 | M13: Kupna cena od BOBu | N13: =MAX((-SUM(E44:AL44)+SUMIFS(E24:AL24,E18:AL18,">0"))*(1+B11)*(1+K14),0) -> 57053983
A14: Trvanie vystavby (roky) | B14: 4 | D14: Naklady na spravu a prevadkzu s DPH (/m2/rok) | E14: -11.3 | G14: Prijem z najomneho 1. rok (vratane fondu oprav, nebyty) | H14: =(E9-E6)*E12*12 -> 66300 | J14: Ziskova marza pre BOB | K14: 0.05 | M14: Overhead OPEX pre BOB / byt | N14: -1100
A16: Cashflow
A18: Fazovanie vystavby | E18: =IF(E$19<=ROUNDDOWN($B$14,0),(ROUNDDOWN($B$14,0)/$B$14)/ROUNDDOWN($B$14,0),IF(E$19=ROUNDUP($B$14,0),1-SUM($D$18:D18),0)) -> 0.25 | F18: =IF(F$19<=ROUNDDOWN($B$14,0),(ROUNDDOWN($B$14,0)/$B$14)/ROUNDDOWN($B$14,0),IF(F$19=ROUNDUP($B$14,0),1-SUM($D$18:E18),0)) -> 0.25 | G18: =IF(G$19<=ROUNDDOWN($B$14,0),(ROUNDDOWN($B$14,0)/$B$14)/ROUNDDOWN($B$14,0),IF(G$19=ROUNDUP($B$14,0),1-SUM($D$18:F18),0)) -> 0.25 | H18: =IF(H$19<=ROUNDDOWN($B$14,0),(ROUNDDOWN($B$14,0)/$B$14)/ROUNDDOWN($B$14,0),IF(H$19=ROUNDUP($B$14,0),1-SUM($D$18:G18),0)) -> 0.25 | I18: =IF(I$19<=ROUNDDOWN($B$14,0),(ROUNDDOWN($B$14,0)/$B$14)/ROUNDDOWN($B$14,0),IF(I$19=ROUNDUP($B$14,0),1-SUM($D$18:H18),0)) -> 0 | J18: =IF(J$19<=ROUNDDOWN($B$14,0),(ROUNDDOWN($B$14,0)/$B$14)/ROUNDDOWN($B$14,0),IF(J$19=ROUNDUP($B$14,0),1-SUM($D$18:I18),0)) -> 0 | K18: =IF(K$19<=ROUNDDOWN($B$14,0),(ROUNDDOWN($B$14,0)/$B$14)/ROUNDDOWN($B$14,0),IF(K$19=ROUNDUP($B$14,0),1-SUM($D$18:J18),0)) -> 0 | L18: =IF(L$19<=ROUNDDOWN($B$14,0),(ROUNDDOWN($B$14,0)/$B$14)/ROUNDDOWN($B$14,0),IF(L$19=ROUNDUP($B$14,0),1-SUM($D$18:K18),0)) -> 0 | M18: =IF(M$19<=ROUNDDOWN($B$14,0),(ROUNDDOWN($B$14,0)/$B$14)/ROUNDDOWN($B$14,0),IF(M$19=ROUNDUP($B$14,0),1-SUM($D$18:L18),0)) -> 0
A19: Polozka | B19: Vlastnik polozky | C19: DPH | D19: PV | E19: 1 | F19: 2 | G19: 3 | H19: 4 | I19: 5 | J19: 6 | K19: 7 | L19: 8 | M19: 9 | N19: 10 | O19: 11 | P19: 12 | Q19: 13 | R19: 14 | S19: 15 | T19: 16 | U19: 17 | V19: 18 | W19: 19 | X19: 20 | Y19: 21 | Z19: 22 | AA19: 23 | AB19: 24 | AC19: 25 | AD19: 26 | AE19: 27 | AF19: 28 | AG19: 29 | AH19: 30 | AI19: 31 | AJ19: 32 | AK19: 33 | AL19: 34
A20: Naklady bez DPH
A21: CAPEX vystavba | B21: =$B$9 -> BOB | C21: =B21="BOB" -> TRUE | D21: =E21+NPV($K$5,F21:AK21) -> -42558300 | E21: =IF($B21="BOB",$B$8,$B$6)*E$18 -> -11273450 | F21: =IF($B21="BOB",$B$8,$B$6)*F$18 -> -11273450 | G21: =IF($B21="BOB",$B$8,$B$6)*G$18 -> -11273450 | H21: =IF($B21="BOB",$B$8,$B$6)*H$18 -> -11273450 | I21: =IF($B21="BOB",$B$8,$B$6)*I$18 -> 0 | J21: =IF($B21="BOB",$B$8,$B$6)*J$18 -> 0 | K21: =IF($B21="BOB",$B$8,$B$6)*K$18 -> 0 | L21: =IF($B21="BOB",$B$8,$B$6)*L$18 -> 0 | ... AL21: =IF($B21="BOB",$B$8,$B$6)*AL$18 -> 0
A22: CAPEX obnova | B22: HMBA | C22: =B22="BOB" -> FALSE | D22: =E22+NPV($K$5,F22:AK22) -> -2790741.5 | E22: =IF(E$19<($K$11+ROUNDUP($B$14,0)),0,IF(MOD(E$19-ROUNDUP($B$14,0),$K$11)=0,$B$6*$K$12*POWER(1+$B$13,E$19-ROUNDUP(E19,0)),0)) -> 0 | F22: =IF(F$19<($K$11+ROUNDUP($B$14,0)),0,IF(MOD(F$19-ROUNDUP($B$14,0),$K$11)=0,$B$6*$K$12*POWER(1+$B$13,F$19-ROUNDUP(F19,0)),0)) -> 0 | G22: =IF(G$19<($K$11+ROUNDUP($B$14,0)),0,IF(MOD(G$19-ROUNDUP($B$14,0),$K$11)=0,$B$6*$K$12*POWER(1+$B$13,G$19-ROUNDUP(G19,0)),0)) -> 0 | H22: =IF(H$19<($K$11+ROUNDUP($B$14,0)),0,IF(MOD(H$19-ROUNDUP($B$14,0),$K$11)=0,$B$6*$K$12*POWER(1+$B$13,H$19-ROUNDUP(H19,0)),0)) -> 0 | I22: =IF(I$19<($K$11+ROUNDUP($B$14,0)),0,IF(MOD(I$19-ROUNDUP($B$14,0),$K$11)=0,$B$6*$K$12*POWER(1+$B$13,I$19-ROUNDUP(I19,0)),0)) -> 0 | J22: =IF(J$19<($K$11+ROUNDUP($B$14,0)),0,IF(MOD(J$19-ROUNDUP($B$14,0),$K$11)=0,$B$6*$K$12*POWER(1+$B$13,J$19-ROUNDUP(J19,0)),0)) -> 0 | K22: =IF(K$19<($K$11+ROUNDUP($B$14,0)),0,IF(MOD(K$19-ROUNDUP($B$14,0),$K$11)=0,$B$6*$K$12*POWER(1+$B$13,K$19-ROUNDUP(K19,0)),0)) -> 0 | L22: =IF(L$19<($K$11+ROUNDUP($B$14,0)),0,IF(MOD(L$19-ROUNDUP($B$14,0),$K$11)=0,$B$6*$K$12*POWER(1+$B$13,L$19-ROUNDUP(L19,0)),0)) -> 0 | ... AL22: =IF(AL$19<($K$11+ROUNDUP($B$14,0)),0,IF(MOD(AL$19-ROUNDUP($B$14,0),$K$11)=0,$B$6*$K$12*POWER(1+$B$13,AL$19-ROUNDUP(AL19,0)),0)) -> -2773268.7
A24: DPH na vstupe | B24: BOB | D24: =E24+NPV($K$5,F24:AK24) -> -9788409 | E24: =SUMIFS(E$21:E$23,$C$21:$C$23,TRUE)*$B$12 -> -2592893.5 | F24: =SUMIFS(F$21:F$23,$C$21:$C$23,TRUE)*$B$12 -> -2592893.5 | G24: =SUMIFS(G$21:G$23,$C$21:$C$23,TRUE)*$B$12 -> -2592893.5 | H24: =SUMIFS(H$21:H$23,$C$21:$C$23,TRUE)*$B$12 -> -2592893.5 | I24: =SUMIFS(I$21:I$23,$C$21:$C$23,TRUE)*$B$12 -> 0 | J24: =SUMIFS(J$21:J$23,$C$21:$C$23,TRUE)*$B$12 -> 0 | K24: =SUMIFS(K$21:K$23,$C$21:$C$23,TRUE)*$B$12 -> 0 | L24: =SUMIFS(L$21:L$23,$C$21:$C$23,TRUE)*$B$12 -> 0 | ... AL24: =SUMIFS(AL$21:AL$23,$C$21:$C$23,TRUE)*$B$12 -> 0
A26: Najomne a fond oprav
A27: Prijem z najomneho byty | B27: HMBA | C27: FALSE | D27: =E27+NPV($K$5,F27:AK27) -> 39599188 | E27: =IF(E19>$B$14,$H$13*POWER(1+$B$13,E$19-$B$14),0)*(1-(($B$14-ROUNDDOWN($B$14,0))*IF(E$19=ROUNDUP($B$14,0),1,0))) -> 0 | F27: =IF(F19>$B$14,$H$13*POWER(1+$B$13,F$19-$B$14),0)*(1-(($B$14-ROUNDDOWN($B$14,0))*IF(F$19=ROUNDUP($B$14,0),1,0))) -> 0 | G27: =IF(G19>$B$14,$H$13*POWER(1+$B$13,G$19-$B$14),0)*(1-(($B$14-ROUNDDOWN($B$14,0))*IF(G$19=ROUNDUP($B$14,0),1,0))) -> 0 | H27: =IF(H19>$B$14,$H$13*POWER(1+$B$13,H$19-$B$14),0)*(1-(($B$14-ROUNDDOWN($B$14,0))*IF(H$19=ROUNDUP($B$14,0),1,0))) -> 0 | I27: =IF(I19>$B$14,$H$13*POWER(1+$B$13,I$19-$B$14),0)*(1-(($B$14-ROUNDDOWN($B$14,0))*IF(I$19=ROUNDUP($B$14,0),1,0))) -> 2069043.5 | J27: =IF(J19>$B$14,$H$13*POWER(1+$B$13,J$19-$B$14),0)*(1-(($B$14-ROUNDDOWN($B$14,0))*IF(J$19=ROUNDUP($B$14,0),1,0))) -> 2110424.3 | K27: =IF(K19>$B$14,$H$13*POWER(1+$B$13,K$19-$B$14),0)*(1-(($B$14-ROUNDDOWN($B$14,0))*IF(K$19=ROUNDUP($B$14,0),1,0))) -> 2152632.8 | L27: =IF(L19>$B$14,$H$13*POWER(1+$B$13,L$19-$B$14),0)*(1-(($B$14-ROUNDDOWN($B$14,0))*IF(L$19=ROUNDUP($B$14,0),1,0))) -> 2195685.5 | ... AL27: =IF(AL19>$B$14,$H$13*POWER(1+$B$13,AL$19-$B$14),0)*(1-(($B$14-ROUNDDOWN($B$14,0))*IF(AL$19=ROUNDUP($B$14,0),1,0))) -> 3674299.9
A28: Prijem z najomneho nebyty | B28: HMBA | C28: FALSE | D28: =E28+NPV($K$5,F28:AK28) -> 1294286.3 | E28: =IF(E19>$B$14,$H$14*POWER(1+$B$13,E$19-$B$14),0)*(1-(($B$14-ROUNDDOWN($B$14,0))*IF(E$19=ROUNDUP($B$14,0),1,0))) -> 0 | F28: =IF(F19>$B$14,$H$14*POWER(1+$B$13,F$19-$B$14),0)*(1-(($B$14-ROUNDDOWN($B$14,0))*IF(F$19=ROUNDUP($B$14,0),1,0))) -> 0 | G28: =IF(G19>$B$14,$H$14*POWER(1+$B$13,G$19-$B$14),0)*(1-(($B$14-ROUNDDOWN($B$14,0))*IF(G$19=ROUNDUP($B$14,0),1,0))) -> 0 | H28: =IF(H19>$B$14,$H$14*POWER(1+$B$13,H$19-$B$14),0)*(1-(($B$14-ROUNDDOWN($B$14,0))*IF(H$19=ROUNDUP($B$14,0),1,0))) -> 0 | I28: =IF(I19>$B$14,$H$14*POWER(1+$B$13,I$19-$B$14),0)*(1-(($B$14-ROUNDDOWN($B$14,0))*IF(I$19=ROUNDUP($B$14,0),1,0))) -> 67626 | J28: =IF(J19>$B$14,$H$14*POWER(1+$B$13,J$19-$B$14),0)*(1-(($B$14-ROUNDDOWN($B$14,0))*IF(J$19=ROUNDUP($B$14,0),1,0))) -> 68978.52 | K28: =IF(K19>$B$14,$H$14*POWER(1+$B$13,K$19-$B$14),0)*(1-(($B$14-ROUNDDOWN($B$14,0))*IF(K$19=ROUNDUP($B$14,0),1,0))) -> 70358.09 | L28: =IF(L19>$B$14,$H$14*POWER(1+$B$13,L$19-$B$14),0)*(1-(($B$14-ROUNDDOWN($B$14,0))*IF(L$19=ROUNDUP($B$14,0),1,0))) -> 71765.252 | ... AL28: =IF(AL19>$B$14,$H$14*POWER(1+$B$13,AL$19-$B$14),0)*(1-(($B$14-ROUNDDOWN($B$14,0))*IF(AL$19=ROUNDUP($B$14,0),1,0))) -> 120093.27
A29: Tvorba fondu oprav na CAPEX | C29: FALSE | D29: =E29+NPV($K$5,F29:AK29) -> -7579434.8 | E29: =IF(E27>0,$B$6*$K$13*POWER(1+$B$13,E$19-$B$14),0) -> 0 | F29: =IF(F27>0,$B$6*$K$13*POWER(1+$B$13,F$19-$B$14),0) -> 0 | G29: =IF(G27>0,$B$6*$K$13*POWER(1+$B$13,G$19-$B$14),0) -> 0 | H29: =IF(H27>0,$B$6*$K$13*POWER(1+$B$13,H$19-$B$14),0) -> 0 | I29: =IF(I27>0,$B$6*$K$13*POWER(1+$B$13,I$19-$B$14),0) -> -396022.77 | J29: =IF(J27>0,$B$6*$K$13*POWER(1+$B$13,J$19-$B$14),0) -> -403943.23 | K29: =IF(K27>0,$B$6*$K$13*POWER(1+$B$13,K$19-$B$14),0) -> -412022.09 | L29: =IF(L27>0,$B$6*$K$13*POWER(1+$B$13,L$19-$B$14),0) -> -420262.53 | ... AL29: =IF(AL27>0,$B$6*$K$13*POWER(1+$B$13,AL$19-$B$14),0) -> -703274.93
A30: Cerpanie fondu oprav na CAPEX | C30: FALSE | D30: =E30+NPV($K$5,F30:AK30) -> 2790741.5 | E30: =-E22 -> 0 | F30: =-F22 -> 0 | G30: =-G22 -> 0 | H30: =-H22 -> 0 | I30: =-I22 -> 0 | J30: =-J22 -> 0 | K30: =-K22 -> 0 | L30: =-L22 -> 0 | ... AL30: =-AL22 -> 2773268.7
A31: Zostatok fondu oprav na CAPEX | E31: 0 | F31: =E31-F29-F30 -> 0 | G31: =F31-G29-G30 -> 0 | H31: =G31-H29-H30 -> 0 | I31: =H31-I29-I30 -> 396022.77 | J31: =I31-J29-J30 -> 799966 | K31: =J31-K29-K30 -> 1211988.1 | L31: =K31-L29-L30 -> 1632250.6 | M31: =L31-M29-M30 -> 2060918.4 | ... AL31: =AK31-AL29-AL30 -> 7746077
A33: Financovanie
A34: Cerpanie komercneho uveru (bullet) | B34: BOB | C34: FALSE | D34: =E34+NPV($K$5,F34:AK34) -> 52346709 | E34: =IF($B$21="BOB",IF(E18>0,-E21-E24,0),0) -> 13866344 | F34: =IF($B$21="BOB",IF(F18>0,-F21-F24,0),0) -> 13866344 | G34: =IF($B$21="BOB",IF(G18>0,-G21-G24,0),0) -> 13866344 | H34: =IF($B$21="BOB",IF(H18>0,-H21-H24,0),0) -> 13866344 | I34: =IF($B$21="BOB",IF(I18>0,-I21-I24,0),0) -> 0 | J34: =IF($B$21="BOB",IF(J18>0,-J21-J24,0),0) -> 0 | K34: =IF($B$21="BOB",IF(K18>0,-K21-K24,0),0) -> 0 | L34: =IF($B$21="BOB",IF(L18>0,-L21-L24,0),0) -> 0 | ... AL34: =IF($B$21="BOB",IF(AL18>0,-AL21-AL24,0),0) -> 0
A35: Dotacia SFRB | B35: HMBA | C35: FALSE | D35: =E35+NPV($K$5,F35:AK35) -> 14002141 | E35: =IF(E$19=ROUNDUP($B$14,0),IF($B$21="BOB",$H$12,$H$11)*$H$7,0) -> 0 | F35: =IF(F$19=ROUNDUP($B$14,0),IF($B$21="BOB",$H$12,$H$11)*$H$7,0) -> 0 | G35: =IF(G$19=ROUNDUP($B$14,0),IF($B$21="BOB",$H$12,$H$11)*$H$7,0) -> 0 | H35: =IF(H$19=ROUNDUP($B$14,0),IF($B$21="BOB",$H$12,$H$11)*$H$7,0) -> 15750504 | I35: =IF(I$19=ROUNDUP($B$14,0),IF($B$21="BOB",$H$12,$H$11)*$H$7,0) -> 0 | J35: =IF(J$19=ROUNDUP($B$14,0),IF($B$21="BOB",$H$12,$H$11)*$H$7,0) -> 0 | K35: =IF(K$19=ROUNDUP($B$14,0),IF($B$21="BOB",$H$12,$H$11)*$H$7,0) -> 0 | L35: =IF(L$19=ROUNDUP($B$14,0),IF($B$21="BOB",$H$12,$H$11)*$H$7,0) -> 0 | ... AL35: =IF(AL$19=ROUNDUP($B$14,0),IF($B$21="BOB",$H$12,$H$11)*$H$7,0) -> 0
A36: Uver SFRB | B36: HMBA | C36: FALSE | D36: =E36+NPV($K$5,F36:AK36) -> 21003211 | E36: =IF(E$19=ROUNDUP($B$14,0),IF($B$21="BOB",$H$12,$H$11)*(1-$H$7),0) -> 0 | F36: =IF(F$19=ROUNDUP($B$14,0),IF($B$21="BOB",$H$12,$H$11)*(1-$H$7),0) -> 0 | G36: =IF(G$19=ROUNDUP($B$14,0),IF($B$21="BOB",$H$12,$H$11)*(1-$H$7),0) -> 0 | H36: =IF(H$19=ROUNDUP($B$14,0),IF($B$21="BOB",$H$12,$H$11)*(1-$H$7),0) -> 23625756 | I36: =IF(I$19=ROUNDUP($B$14,0),IF($B$21="BOB",$H$12,$H$11)*(1-$H$7),0) -> 0 | J36: =IF(J$19=ROUNDUP($B$14,0),IF($B$21="BOB",$H$12,$H$11)*(1-$H$7),0) -> 0 | K36: =IF(K$19=ROUNDUP($B$14,0),IF($B$21="BOB",$H$12,$H$11)*(1-$H$7),0) -> 0 | L36: =IF(L$19=ROUNDUP($B$14,0),IF($B$21="BOB",$H$12,$H$11)*(1-$H$7),0) -> 0 | ... AL36: =IF(AL$19=ROUNDUP($B$14,0),IF($B$21="BOB",$H$12,$H$11)*(1-$H$7),0) -> 0
A37: Uver HMBA | B37: HMBA | C37: FALSE | D37: =E37+NPV($K$5,F37:AK37) -> 15715432 | E37: =IF(E$19=ROUNDUP($B$14,0),$N$10,0) -> 0 | F37: =IF(F$19=ROUNDUP($B$14,0),$N$10,0) -> 0 | G37: =IF(G$19=ROUNDUP($B$14,0),$N$10,0) -> 0 | H37: =IF(H$19=ROUNDUP($B$14,0),$N$10,0) -> 17677723 | I37: =IF(I$19=ROUNDUP($B$14,0),$N$10,0) -> 0 | J37: =IF(J$19=ROUNDUP($B$14,0),$N$10,0) -> 0 | K37: =IF(K$19=ROUNDUP($B$14,0),$N$10,0) -> 0 | L37: =IF(L$19=ROUNDUP($B$14,0),$N$10,0) -> 0 | ... AL37: =IF(AL$19=ROUNDUP($B$14,0),$N$10,0) -> 0
A38: Kupa bytov do vlastnictva HMBA | B38: HMBA | C38: FALSE | D38: =E38+NPV($K$5,F38:AK38) -> -50720784 | E38: =IF($B$21="BOB",IF(E$19=ROUNDUP($B$14,0),-$H$12-$N$12,0),0) -> 0 | F38: =IF($B$21="BOB",IF(F$19=ROUNDUP($B$14,0),-$H$12-$N$12,0),0) -> 0 | G38: =IF($B$21="BOB",IF(G$19=ROUNDUP($B$14,0),-$H$12-$N$12,0),0) -> 0 | H38: =IF($B$21="BOB",IF(H$19=ROUNDUP($B$14,0),-$H$12-$N$12,0),0) -> -57053983 | I38: =IF($B$21="BOB",IF(I$19=ROUNDUP($B$14,0),-$H$12-$N$12,0),0) -> 0 | J38: =IF($B$21="BOB",IF(J$19=ROUNDUP($B$14,0),-$H$12-$N$12,0),0) -> 0 | K38: =IF($B$21="BOB",IF(K$19=ROUNDUP($B$14,0),-$H$12-$N$12,0),0) -> 0 | L38: =IF($B$21="BOB",IF(L$19=ROUNDUP($B$14,0),-$H$12-$N$12,0),0) -> 0 | ... AL38: =IF($B$21="BOB",IF(AL$19=ROUNDUP($B$14,0),-$H$12-$N$12,0),0) -> 0
A39: Prijem z predaja bytov | B39: BOB | C39: TRUE | D39: =E39+NPV($K$5,F39:AK39) -> 48305508 | E39: =-E38/(1+$B$11) -> 0 | F39: =-F38/(1+$B$11) -> 0 | G39: =-G38/(1+$B$11) -> 0 | H39: =-H38/(1+$B$11) -> 54337127 | I39: =-I38/(1+$B$11) -> 0 | J39: =-J38/(1+$B$11) -> 0 | K39: =-K38/(1+$B$11) -> 0 | L39: =-L38/(1+$B$11) -> 0 | ... AL39: =-AL38/(1+$B$11) -> 0
A40: DPH na vystupe | B40: BOB | D40: =E40+NPV($K$5,F40:AK40) -> 2415275.4 | E40: =SUMIFS(E$34:E$39,$C$34:$C$39,TRUE)*$B$11 -> 0 | F40: =SUMIFS(F$34:F$39,$C$34:$C$39,TRUE)*$B$11 -> 0 | G40: =SUMIFS(G$34:G$39,$C$34:$C$39,TRUE)*$B$11 -> 0 | H40: =SUMIFS(H$34:H$39,$C$34:$C$39,TRUE)*$B$11 -> 2716856.4 | I40: =SUMIFS(I$34:I$39,$C$34:$C$39,TRUE)*$B$11 -> 0 | J40: =SUMIFS(J$34:J$39,$C$34:$C$39,TRUE)*$B$11 -> 0 | K40: =SUMIFS(K$34:K$39,$C$34:$C$39,TRUE)*$B$11 -> 0 | L40: =SUMIFS(L$34:L$39,$C$34:$C$39,TRUE)*$B$11 -> 0 | ... AL40: =SUMIFS(AL$34:AL$39,$C$34:$C$39,TRUE)*$B$11 -> 0
A42: Dlhova sluzba
A43: Kapitalizacia urokov komercneho uveru | B43: FALSE | C43: FALSE | E43: =E34*0.5*$K$7*IF(E18=0,0,1) -> 415990.3 | F43: =(SUM($E$34:E34)+F34*0.5)*$K$7*IF(F18=0,0,1) -> 1247970.9 | G43: =(SUM($E$34:F34)+G34*0.5)*$K$7*IF(G18=0,0,1) -> 2079951.5 | H43: =(SUM($E$34:G34)+H34*0.5)*$K$7*IF(H18=0,0,1) -> 2911932.1 | I43: =(SUM($E$34:H34)+I34*0.5)*$K$7*IF(I18=0,0,1) -> 0 | J43: =(SUM($E$34:I34)+J34*0.5)*$K$7*IF(J18=0,0,1) -> 0 | K43: =(SUM($E$34:J34)+K34*0.5)*$K$7*IF(K18=0,0,1) -> 0 | L43: =(SUM($E$34:K34)+L34*0.5)*$K$7*IF(L18=0,0,1) -> 0 | M43: =(SUM($E$34:L34)+M34*0.5)*$K$7*IF(M18=0,0,1) -> 0 | ... AL43: =(SUM($E$34:AK34)+AL34*0.5)*$K$7*IF(AL18=0,0,1) -> 0
A44: Splatka komercneho uveru | B44: BOB | C44: FALSE | D44: =E44+NPV($K$5,F44:AK44) -> -55225537 | E44: =-IF(E19=ROUNDUP($B$14,0),SUM($E$34:$AL$34,$E$43:$AL$43),0) -> 0 | F44: =-IF(F19=ROUNDUP($B$14,0),SUM($E$34:$AL$34,$E$43:$AL$43),0) -> 0 | G44: =-IF(G19=ROUNDUP($B$14,0),SUM($E$34:$AL$34,$E$43:$AL$43),0) -> 0 | H44: =-IF(H19=ROUNDUP($B$14,0),SUM($E$34:$AL$34,$E$43:$AL$43),0) -> -62121219 | I44: =-IF(I19=ROUNDUP($B$14,0),SUM($E$34:$AL$34,$E$43:$AL$43),0) -> 0 | J44: =-IF(J19=ROUNDUP($B$14,0),SUM($E$34:$AL$34,$E$43:$AL$43),0) -> 0 | K44: =-IF(K19=ROUNDUP($B$14,0),SUM($E$34:$AL$34,$E$43:$AL$43),0) -> 0 | L44: =-IF(L19=ROUNDUP($B$14,0),SUM($E$34:$AL$34,$E$43:$AL$43),0) -> 0 | ... AL44: =-IF(AL19=ROUNDUP($B$14,0),SUM($E$34:$AL$34,$E$43:$AL$43),0) -> 0
A45: Splatka uveru HMBA (istina) | B45: HMBA | C45: FALSE | D45: =E45+NPV($K$5,F45:AK45) -> -9071114.5 | E45: =IF(E$19>ROUNDUP($B$14,0),IF(E46<>-0.01,PPMT($K$5,E$19-ROUNDUP($B$14,0),$K$6,$N$10),0.01),0) -> 0 | F45: =IF(F$19>ROUNDUP($B$14,0),IF(F46<>-0.01,PPMT($K$5,F$19-ROUNDUP($B$14,0),$K$6,$N$10),0.01),0) -> 0 | G45: =IF(G$19>ROUNDUP($B$14,0),IF(G46<>-0.01,PPMT($K$5,G$19-ROUNDUP($B$14,0),$K$6,$N$10),0.01),0) -> 0 | H45: =IF(H$19>ROUNDUP($B$14,0),IF(H46<>-0.01,PPMT($K$5,H$19-ROUNDUP($B$14,0),$K$6,$N$10),0.01),0) -> 0 | I45: =IF(I$19>ROUNDUP($B$14,0),IF(I46<>-0.01,PPMT($K$5,I$19-ROUNDUP($B$14,0),$K$6,$N$10),0.01),0) -> -424476.84 | J45: =IF(J$19>ROUNDUP($B$14,0),IF(J46<>-0.01,PPMT($K$5,J$19-ROUNDUP($B$14,0),$K$6,$N$10),0.01),0) -> -441455.91 | K45: =IF(K$19>ROUNDUP($B$14,0),IF(K46<>-0.01,PPMT($K$5,K$19-ROUNDUP($B$14,0),$K$6,$N$10),0.01),0) -> -459114.15 | L45: =IF(L$19>ROUNDUP($B$14,0),IF(L46<>-0.01,PPMT($K$5,L$19-ROUNDUP($B$14,0),$K$6,$N$10),0.01),0) -> -477478.71 | ... AL45: =IF(AL$19>ROUNDUP($B$14,0),IF(AL46<>-0.01,PPMT($K$5,AL$19-ROUNDUP($B$14,0),$K$6,$N$10),0.01),0) -> 0.01
A46: Splatka uveru HMBA (uroky) | B46: HMBA | C46: FALSE | D46: =E46+NPV($K$5,F46:AK46) -> -6644317.3 | E46: =IF(E$19>ROUNDUP($B$14,0),IFERROR(IPMT($K$5,E$19-ROUNDUP($B$14,0),$K$6,$N$10),-0.01),0) -> 0 | F46: =IF(F$19>ROUNDUP($B$14,0),IFERROR(IPMT($K$5,F$19-ROUNDUP($B$14,0),$K$6,$N$10),-0.01),0) -> 0 | G46: =IF(G$19>ROUNDUP($B$14,0),IFERROR(IPMT($K$5,G$19-ROUNDUP($B$14,0),$K$6,$N$10),-0.01),0) -> 0 | H46: =IF(H$19>ROUNDUP($B$14,0),IFERROR(IPMT($K$5,H$19-ROUNDUP($B$14,0),$K$6,$N$10),-0.01),0) -> 0 | I46: =IF(I$19>ROUNDUP($B$14,0),IFERROR(IPMT($K$5,I$19-ROUNDUP($B$14,0),$K$6,$N$10),-0.01),0) -> -707108.94 | J46: =IF(J$19>ROUNDUP($B$14,0),IFERROR(IPMT($K$5,J$19-ROUNDUP($B$14,0),$K$6,$N$10),-0.01),0) -> -690129.87 | K46: =IF(K$19>ROUNDUP($B$14,0),IFERROR(IPMT($K$5,K$19-ROUNDUP($B$14,0),$K$6,$N$10),-0.01),0) -> -672471.63 | L46: =IF(L$19>ROUNDUP($B$14,0),IFERROR(IPMT($K$5,L$19-ROUNDUP($B$14,0),$K$6,$N$10),-0.01),0) -> -654107.06 | ... AL46: =IF(AL$19>ROUNDUP($B$14,0),IFERROR(IPMT($K$5,AL$19-ROUNDUP($B$14,0),$K$6,$N$10),-0.01),0) -> -0.01
A47: Splatka uveru SFRB (istina) | B47: HMBA | C47: FALSE | D47: =E47+NPV($K$5,F47:AK47) -> -8192954.7 | E47: =IF(E$19>ROUNDUP($B$14,0),IF(E48<>-0.01,PPMT($H$5,E$19-ROUNDUP($B$14,0),$H$6,IF($B$9="BOB",$H$12,$H$11)*(1-$H$7)),0.01),0) -> 0 | F47: =IF(F$19>ROUNDUP($B$14,0),IF(F48<>-0.01,PPMT($H$5,F$19-ROUNDUP($B$14,0),$H$6,IF($B$9="BOB",$H$12,$H$11)*(1-$H$7)),0.01),0) -> 0 | G47: =IF(G$19>ROUNDUP($B$14,0),IF(G48<>-0.01,PPMT($H$5,G$19-ROUNDUP($B$14,0),$H$6,IF($B$9="BOB",$H$12,$H$11)*(1-$H$7)),0.01),0) -> 0 | H47: =IF(H$19>ROUNDUP($B$14,0),IF(H48<>-0.01,PPMT($H$5,H$19-ROUNDUP($B$14,0),$H$6,IF($B$9="BOB",$H$12,$H$11)*(1-$H$7)),0.01),0) -> 0 | I47: =IF(I$19>ROUNDUP($B$14,0),IF(I48<>-0.01,PPMT($H$5,I$19-ROUNDUP($B$14,0),$H$6,IF($B$9="BOB",$H$12,$H$11)*(1-$H$7)),0.01),0) -> -483278.97 | J47: =IF(J$19>ROUNDUP($B$14,0),IF(J48<>-0.01,PPMT($H$5,J$19-ROUNDUP($B$14,0),$H$6,IF($B$9="BOB",$H$12,$H$11)*(1-$H$7)),0.01),0) -> -488111.76 | K47: =IF(K$19>ROUNDUP($B$14,0),IF(K48<>-0.01,PPMT($H$5,K$19-ROUNDUP($B$14,0),$H$6,IF($B$9="BOB",$H$12,$H$11)*(1-$H$7)),0.01),0) -> -492992.87 | L47: =IF(L$19>ROUNDUP($B$14,0),IF(L48<>-0.01,PPMT($H$5,L$19-ROUNDUP($B$14,0),$H$6,IF($B$9="BOB",$H$12,$H$11)*(1-$H$7)),0.01),0) -> -497922.8 | ... AL47: =IF(AL$19>ROUNDUP($B$14,0),IF(AL48<>-0.01,PPMT($H$5,AL$19-ROUNDUP($B$14,0),$H$6,IF($B$9="BOB",$H$12,$H$11)*(1-$H$7)),0.01),0) -> -644937.65
A48: Splatka uveru SFRB (uroky) | B48: HMBA | C48: FALSE | D48: =E48+NPV($K$5,F48:AK48) -> -2670939.1 | E48: =IF(E$19>ROUNDUP($B$14,0),IFERROR(IPMT($H$5,E$19-ROUNDUP($B$14,0),$H$6,IF($B$9="BOB",$H$12,$H$11)*(1-$H$7)),-0.01),0) -> 0 | F48: =IF(F$19>ROUNDUP($B$14,0),IFERROR(IPMT($H$5,F$19-ROUNDUP($B$14,0),$H$6,IF($B$9="BOB",$H$12,$H$11)*(1-$H$7)),-0.01),0) -> 0 | G48: =IF(G$19>ROUNDUP($B$14,0),IFERROR(IPMT($H$5,G$19-ROUNDUP($B$14,0),$H$6,IF($B$9="BOB",$H$12,$H$11)*(1-$H$7)),-0.01),0) -> 0 | H48: =IF(H$19>ROUNDUP($B$14,0),IFERROR(IPMT($H$5,H$19-ROUNDUP($B$14,0),$H$6,IF($B$9="BOB",$H$12,$H$11)*(1-$H$7)),-0.01),0) -> 0 | I48: =IF(I$19>ROUNDUP($B$14,0),IFERROR(IPMT($H$5,I$19-ROUNDUP($B$14,0),$H$6,IF($B$9="BOB",$H$12,$H$11)*(1-$H$7)),-0.01),0) -> -236257.56 | J48: =IF(J$19>ROUNDUP($B$14,0),IFERROR(IPMT($H$5,J$19-ROUNDUP($B$14,0),$H$6,IF($B$9="BOB",$H$12,$H$11)*(1-$H$7)),-0.01),0) -> -231424.77 | K48: =IF(K$19>ROUNDUP($B$14,0),IFERROR(IPMT($H$5,K$19-ROUNDUP($B$14,0),$H$6,IF($B$9="BOB",$H$12,$H$11)*(1-$H$7)),-0.01),0) -> -226543.65 | L48: =IF(L$19>ROUNDUP($B$14,0),IFERROR(IPMT($H$5,L$19-ROUNDUP($B$14,0),$H$6,IF($B$9="BOB",$H$12,$H$11)*(1-$H$7)),-0.01),0) -> -221613.72 | ... AL48: =IF(AL$19>ROUNDUP($B$14,0),IFERROR(IPMT($H$5,AL$19-ROUNDUP($B$14,0),$H$6,IF($B$9="BOB",$H$12,$H$11)*(1-$H$7)),-0.01),0) -> -74598.872
A50: Prevadzkovy uver BOB (refinanc bulletu)
A51: DPH vratka/platba | C51: FALSE | D51: =E51+NPV($K$5,F51:AK51) -> 7089551.5 | E51: 0 | F51: =-E24-E40 -> 2592893.5 | G51: =-F24-F40 -> 2592893.5 | H51: =-G24-G40 -> 2592893.5 | I51: =-H24-H40 -> -123962.86 | J51: =-I24-I40 -> 0 | K51: =-J24-J40 -> 0 | L51: =-K24-K40 -> 0 | M51: =-L24-L40 -> 0 | ... AL51: =-AK24-AK40 -> 0
A52: Cashflow pocas vystavby | B52: HMBA | C52: FALSE | D52: =E52+NPV($K$5,F52:AK52) -> 45192285 | E52: =SUMIFS(E$21:E$40,$B$21:$B$40,$B52)+E51 -> 0 | F52: =SUMIFS(F$21:F$40,$B$21:$B$40,$B52)+F51 -> 2592893.5 | G52: =SUMIFS(G$21:G$40,$B$21:$B$40,$B52)+G51 -> 2592893.5 | H52: =SUMIFS(H$21:H$40,$B$21:$B$40,$B52)+H51 -> 2592893.5 | I52: =SUMIFS(I$21:I$40,$B$21:$B$40,$B52)+I51 -> 2012706.6 | J52: =SUMIFS(J$21:J$40,$B$21:$B$40,$B52)+J51 -> 2179402.9 | K52: =SUMIFS(K$21:K$40,$B$21:$B$40,$B52)+K51 -> 2222990.9 | L52: =SUMIFS(L$21:L$40,$B$21:$B$40,$B52)+L51 -> 2267450.7 | ... AL52: =SUMIFS(AL$21:AL$40,$B$21:$B$40,$B52)+AL51 -> 1021124.5
A53: Nacerpanie uveru | B53: BOB | C53: FALSE | D53: =E53+NPV($K$5,F53:AK53) -> 52920465 | E53: =IF(E19=ROUNDUP($B$14,0),-MIN(0,E52+E44),0) -> 0 | F53: =IF(F19=ROUNDUP($B$14,0),-MIN(0,F52+F44),0) -> 0 | G53: =IF(G19=ROUNDUP($B$14,0),-MIN(0,G52+G44),0) -> 0 | H53: =IF(H19=ROUNDUP($B$14,0),-MIN(0,H52+H44),0) -> 59528325 | I53: =IF(I19=ROUNDUP($B$14,0),-MIN(0,I52+I44),0) -> 0 | J53: =IF(J19=ROUNDUP($B$14,0),-MIN(0,J52+J44),0) -> 0 | K53: =IF(K19=ROUNDUP($B$14,0),-MIN(0,K52+K44),0) -> 0 | L53: =IF(L19=ROUNDUP($B$14,0),-MIN(0,L52+L44),0) -> 0 | ... AL53: =IF(AL19=ROUNDUP($B$14,0),-MIN(0,AL52+AL44),0) -> 0
A54: Splatka uveru BOB (istina) | B54: BOB | C54: FALSE | D54: =E54+NPV($K$5,F54:AK54) -> -29417000 | E54: =IF(E$19>ROUNDUP($B$14,0),IF(E55<>-0.01,PPMT($K$7,E$19-ROUNDUP($B$14,0),$K$8,SUM($E$53:$AL$53)),0.01),0) -> 0 | F54: =IF(F$19>ROUNDUP($B$14,0),IF(F55<>-0.01,PPMT($K$7,F$19-ROUNDUP($B$14,0),$K$8,SUM($E$53:$AL$53)),0.01),0) -> 0 | G54: =IF(G$19>ROUNDUP($B$14,0),IF(G55<>-0.01,PPMT($K$7,G$19-ROUNDUP($B$14,0),$K$8,SUM($E$53:$AL$53)),0.01),0) -> 0 | H54: =IF(H$19>ROUNDUP($B$14,0),IF(H55<>-0.01,PPMT($K$7,H$19-ROUNDUP($B$14,0),$K$8,SUM($E$53:$AL$53)),0.01),0) -> 0 | I54: =IF(I$19>ROUNDUP($B$14,0),IF(I55<>-0.01,PPMT($K$7,I$19-ROUNDUP($B$14,0),$K$8,SUM($E$53:$AL$53)),0.01),0) -> -1085006 | J54: =IF(J$19>ROUNDUP($B$14,0),IF(J55<>-0.01,PPMT($K$7,J$19-ROUNDUP($B$14,0),$K$8,SUM($E$53:$AL$53)),0.01),0) -> -1150106.4 | K54: =IF(K$19>ROUNDUP($B$14,0),IF(K55<>-0.01,PPMT($K$7,K$19-ROUNDUP($B$14,0),$K$8,SUM($E$53:$AL$53)),0.01),0) -> -1219112.8 | L54: =IF(L$19>ROUNDUP($B$14,0),IF(L55<>-0.01,PPMT($K$7,L$19-ROUNDUP($B$14,0),$K$8,SUM($E$53:$AL$53)),0.01),0) -> -1292259.5 | ... AL54: =IF(AL$19>ROUNDUP($B$14,0),IF(AL55<>-0.01,PPMT($K$7,AL$19-ROUNDUP($B$14,0),$K$8,SUM($E$53:$AL$53)),0.01),0) -> 0.01
A55: Splatka uveru BOB (urok) | B55: BOB | C55: FALSE | D55: =E55+NPV($K$5,F55:AK55) -> -35255197 | E55: =IF(E$19>ROUNDUP($B$14,0),IFERROR(IPMT($K$7,E$19-ROUNDUP($B$14,0),$K$8,SUM($E$53:$AL$53)),-0.01),0) -> 0 | F55: =IF(F$19>ROUNDUP($B$14,0),IFERROR(IPMT($K$7,F$19-ROUNDUP($B$14,0),$K$8,SUM($E$53:$AL$53)),-0.01),0) -> 0 | G55: =IF(G$19>ROUNDUP($B$14,0),IFERROR(IPMT($K$7,G$19-ROUNDUP($B$14,0),$K$8,SUM($E$53:$AL$53)),-0.01),0) -> 0 | H55: =IF(H$19>ROUNDUP($B$14,0),IFERROR(IPMT($K$7,H$19-ROUNDUP($B$14,0),$K$8,SUM($E$53:$AL$53)),-0.01),0) -> 0 | I55: =IF(I$19>ROUNDUP($B$14,0),IFERROR(IPMT($K$7,I$19-ROUNDUP($B$14,0),$K$8,SUM($E$53:$AL$53)),-0.01),0) -> -3571699.5 | J55: =IF(J$19>ROUNDUP($B$14,0),IFERROR(IPMT($K$7,J$19-ROUNDUP($B$14,0),$K$8,SUM($E$53:$AL$53)),-0.01),0) -> -3506599.2 | K55: =IF(K$19>ROUNDUP($B$14,0),IFERROR(IPMT($K$7,K$19-ROUNDUP($B$14,0),$K$8,SUM($E$53:$AL$53)),-0.01),0) -> -3437592.8 | L55: =IF(L$19>ROUNDUP($B$14,0),IFERROR(IPMT($K$7,L$19-ROUNDUP($B$14,0),$K$8,SUM($E$53:$AL$53)),-0.01),0) -> -3364446 | ... AL55: =IF(AL$19>ROUNDUP($B$14,0),IFERROR(IPMT($K$7,AL$19-ROUNDUP($B$14,0),$K$8,SUM($E$53:$AL$53)),-0.01),0) -> -0.01
A57: OPEX
A58: Cashflow pred platbou | B58: BOB | C58: FALSE | D58: =E58+NPV($K$5,F58:AK58) -> -66977270 | E58: =SUMIFS(E$52:E$55,$B$52:$B$55,$B$58)+SUMIFS(E$44:E$48,$B$44:$B$48,$B$58) -> 0 | F58: =SUMIFS(F$52:F$55,$B$52:$B$55,$B$58)+SUMIFS(F$44:F$48,$B$44:$B$48,$B$58) -> 0 | G58: =SUMIFS(G$52:G$55,$B$52:$B$55,$B$58)+SUMIFS(G$44:G$48,$B$44:$B$48,$B$58) -> 0 | H58: =SUMIFS(H$52:H$55,$B$52:$B$55,$B$58)+SUMIFS(H$44:H$48,$B$44:$B$48,$B$58) -> -2592893.5 | I58: =SUMIFS(I$52:I$55,$B$52:$B$55,$B$58)+SUMIFS(I$44:I$48,$B$44:$B$48,$B$58) -> -4656705.5 | J58: =SUMIFS(J$52:J$55,$B$52:$B$55,$B$58)+SUMIFS(J$44:J$48,$B$44:$B$48,$B$58) -> -4656705.5 | K58: =SUMIFS(K$52:K$55,$B$52:$B$55,$B$58)+SUMIFS(K$44:K$48,$B$44:$B$48,$B$58) -> -4656705.5 | L58: =SUMIFS(L$52:L$55,$B$52:$B$55,$B$58)+SUMIFS(L$44:L$48,$B$44:$B$48,$B$58) -> -4656705.5 | ... AL58: =SUMIFS(AL$52:AL$55,$B$52:$B$55,$B$58)+SUMIFS(AL$44:AL$48,$B$44:$B$48,$B$58) -> 0
A59: Cashflow pred platbou | B59: HMBA | C59: FALSE | D59: =E59+NPV($K$5,F59:AK59) -> 11523408 | E59: =SUMIFS(E$21:E$48,$B$21:$B$48,$B$59) -> 0 | F59: =SUMIFS(F$21:F$48,$B$21:$B$48,$B$59) -> 0 | G59: =SUMIFS(G$21:G$48,$B$21:$B$48,$B$59) -> 0 | H59: =SUMIFS(H$21:H$48,$B$21:$B$48,$B$59) -> 0 | I59: =SUMIFS(I$21:I$48,$B$21:$B$48,$B$59) -> 285547.18 | J59: =SUMIFS(J$21:J$48,$B$21:$B$48,$B$59) -> 328280.57 | K59: =SUMIFS(K$21:K$48,$B$21:$B$48,$B$59) -> 371868.62 | L59: =SUMIFS(L$21:L$48,$B$21:$B$48,$B$59) -> 416328.44 | ... AL59: =SUMIFS(AL$21:AL$48,$B$21:$B$48,$B$59) -> 301587.92
A60: Poplatok za spravu (platba od HMBA) | B60: HMBA | C60: FALSE | D60: =E60+NPV($K$5,F60:AK60) -> -67905807 | E60: =IF($B$9="BOB",IF(E$18=0,E58,IF(F$18=0,(F58/(1+$B$13))*(ROUNDUP($B$14,0)-$B$14),0))*(1+$K$14),0) -> 0 | F60: =IF($B$9="BOB",IF(F$18=0,F58,IF(G$18=0,(G58/(1+$B$13))*(ROUNDUP($B$14,0)-$B$14),0))*(1+$K$14),0) -> 0 | G60: =IF($B$9="BOB",IF(G$18=0,G58,IF(H$18=0,(H58/(1+$B$13))*(ROUNDUP($B$14,0)-$B$14),0))*(1+$K$14),0) -> 0 | H60: =IF($B$9="BOB",IF(H$18=0,H58,IF(I$18=0,(I58/(1+$B$13))*(ROUNDUP($B$14,0)-$B$14),0))*(1+$K$14),0) -> 0 | I60: =IF($B$9="BOB",IF(I$18=0,I58,IF(J$18=0,(J58/(1+$B$13))*(ROUNDUP($B$14,0)-$B$14),0))*(1+$K$14),0) -> -4889540.8 | J60: =IF($B$9="BOB",IF(J$18=0,J58,IF(K$18=0,(K58/(1+$B$13))*(ROUNDUP($B$14,0)-$B$14),0))*(1+$K$14),0) -> -4889540.8 | K60: =IF($B$9="BOB",IF(K$18=0,K58,IF(L$18=0,(L58/(1+$B$13))*(ROUNDUP($B$14,0)-$B$14),0))*(1+$K$14),0) -> -4889540.8 | L60: =IF($B$9="BOB",IF(L$18=0,L58,IF(M$18=0,(M58/(1+$B$13))*(ROUNDUP($B$14,0)-$B$14),0))*(1+$K$14),0) -> -4889540.8 | ... AL60: =IF($B$9="BOB",IF(AL$18=0,AL58,IF(AM$18=0,(AM58/(1+$B$13))*(ROUNDUP($B$14,0)-$B$14),0))*(1+$K$14),0) -> 0
A61: Prijem poplatku za spravu | B61: HMBA | C61: =B61="BOB" -> FALSE | D61: =E61+NPV($K$5,F61:AK61) -> 64672197 | E61: =-E60/(1+$B$11) -> 0 | F61: =-F60/(1+$B$11) -> 0 | G61: =-G60/(1+$B$11) -> 0 | H61: =-H60/(1+$B$11) -> 0 | I61: =-I60/(1+$B$11) -> 4656705.5 | J61: =-J60/(1+$B$11) -> 4656705.5 | K61: =-K60/(1+$B$11) -> 4656705.5 | L61: =-L60/(1+$B$11) -> 4656705.5 | ... AL61: =-AL60/(1+$B$11) -> 0
A62: Naklady (udrzba bytov) | B62: =B21 -> BOB | C62: =B62="BOB" -> TRUE | D62: =E62+NPV($K$5,F62:AK62) -> -3962994.6 | E62: =IF(E19>$B$14,$E$14*$E$9*POWER(1+$B$13,E$19-ROUNDUP($B$14,0)),0)*IF(E$18=0,1,ROUNDUP($B$14,0)-$B$14)*IF($C62,1/(1+$B$7),1) -> 0 | F62: =IF(F19>$B$14,$E$14*$E$9*POWER(1+$B$13,F$19-ROUNDUP($B$14,0)),0)*IF(F$18=0,1,ROUNDUP($B$14,0)-$B$14)*IF($C62,1/(1+$B$7),1) -> 0 | G62: =IF(G19>$B$14,$E$14*$E$9*POWER(1+$B$13,G$19-ROUNDUP($B$14,0)),0)*IF(G$18=0,1,ROUNDUP($B$14,0)-$B$14)*IF($C62,1/(1+$B$7),1) -> 0 | H62: =IF(H19>$B$14,$E$14*$E$9*POWER(1+$B$13,H$19-ROUNDUP($B$14,0)),0)*IF(H$18=0,1,ROUNDUP($B$14,0)-$B$14)*IF($C62,1/(1+$B$7),1) -> 0 | I62: =IF(I19>$B$14,$E$14*$E$9*POWER(1+$B$13,I$19-ROUNDUP($B$14,0)),0)*IF(I$18=0,1,ROUNDUP($B$14,0)-$B$14)*IF($C62,1/(1+$B$7),1) -> -207065.06 | J62: =IF(J19>$B$14,$E$14*$E$9*POWER(1+$B$13,J$19-ROUNDUP($B$14,0)),0)*IF(J$18=0,1,ROUNDUP($B$14,0)-$B$14)*IF($C62,1/(1+$B$7),1) -> -211206.36 | K62: =IF(K19>$B$14,$E$14*$E$9*POWER(1+$B$13,K$19-ROUNDUP($B$14,0)),0)*IF(K$18=0,1,ROUNDUP($B$14,0)-$B$14)*IF($C62,1/(1+$B$7),1) -> -215430.49 | L62: =IF(L19>$B$14,$E$14*$E$9*POWER(1+$B$13,L$19-ROUNDUP($B$14,0)),0)*IF(L$18=0,1,ROUNDUP($B$14,0)-$B$14)*IF($C62,1/(1+$B$7),1) -> -219739.1 | ... AL62: =IF(AL19>$B$14,$E$14*$E$9*POWER(1+$B$13,AL$19-ROUNDUP($B$14,0)),0)*IF(AL$18=0,1,ROUNDUP($B$14,0)-$B$14)*IF($C62,1/(1+$B$7),1) -> -367715.38
A63: Naklady (overhead) | B63: =B22 -> HMBA | C63: FALSE | D63: =E63+NPV($K$5,F63:AK63) -> -7107837.9 | E63: =IF(E19>$B$14,$N$14*$E$5*POWER(1+$B$13,E$19-ROUNDUP($B$14,0)),0)*IF(E$18=0,1,ROUNDUP($B$14,0)-$B$14) -> 0 | F63: =IF(F19>$B$14,$N$14*$E$5*POWER(1+$B$13,F$19-ROUNDUP($B$14,0)),0)*IF(F$18=0,1,ROUNDUP($B$14,0)-$B$14) -> 0 | G63: =IF(G19>$B$14,$N$14*$E$5*POWER(1+$B$13,G$19-ROUNDUP($B$14,0)),0)*IF(G$18=0,1,ROUNDUP($B$14,0)-$B$14) -> 0 | H63: =IF(H19>$B$14,$N$14*$E$5*POWER(1+$B$13,H$19-ROUNDUP($B$14,0)),0)*IF(H$18=0,1,ROUNDUP($B$14,0)-$B$14) -> 0 | I63: =IF(I19>$B$14,$N$14*$E$5*POWER(1+$B$13,I$19-ROUNDUP($B$14,0)),0)*IF(I$18=0,1,ROUNDUP($B$14,0)-$B$14) -> -371382 | J63: =IF(J19>$B$14,$N$14*$E$5*POWER(1+$B$13,J$19-ROUNDUP($B$14,0)),0)*IF(J$18=0,1,ROUNDUP($B$14,0)-$B$14) -> -378809.64 | K63: =IF(K19>$B$14,$N$14*$E$5*POWER(1+$B$13,K$19-ROUNDUP($B$14,0)),0)*IF(K$18=0,1,ROUNDUP($B$14,0)-$B$14) -> -386385.83 | L63: =IF(L19>$B$14,$N$14*$E$5*POWER(1+$B$13,L$19-ROUNDUP($B$14,0)),0)*IF(L$18=0,1,ROUNDUP($B$14,0)-$B$14) -> -394113.55 | ... AL63: =IF(AL19>$B$14,$N$14*$E$5*POWER(1+$B$13,AL$19-ROUNDUP($B$14,0)),0)*IF(AL$18=0,1,ROUNDUP($B$14,0)-$B$14) -> -659516.75
A64: DPH na vystupe | B64: BOB | D64: =E64+NPV($K$5,F64:AK64) -> 3233609.8 | E64: =E61*$B$11 -> 0 | F64: =F61*$B$11 -> 0 | G64: =G61*$B$11 -> 0 | H64: =H61*$B$11 -> 0 | I64: =I61*$B$11 -> 232835.28 | J64: =J61*$B$11 -> 232835.28 | K64: =K61*$B$11 -> 232835.28 | L64: =L61*$B$11 -> 232835.28 | ... AL64: =AL61*$B$11 -> 0
A65: DPH na vstupe | B65: BOB | D65: =E65+NPV($K$5,F65:AK65) -> -198149.73 | E65: =E62*$B$11 -> 0 | F65: =F62*$B$11 -> 0 | G65: =G62*$B$11 -> 0 | H65: =H62*$B$11 -> 0 | I65: =I62*$B$11 -> -10353.253 | J65: =J62*$B$11 -> -10560.318 | K65: =K62*$B$11 -> -10771.524 | L65: =L62*$B$11 -> -10986.955 | ... AL65: =AL62*$B$11 -> -18385.769
A67: Cashflow po platbe | B67: BOB | D67: =E67+NPV($K$5,F67:AK67) -> -70828457 | E67: =SUMIFS(E$58:E$65,$B$58:$B$65,$B67) -> 0 | F67: =SUMIFS(F$58:F$65,$B$58:$B$65,$B67)-E65-E64 -> 0 | G67: =SUMIFS(G$58:G$65,$B$58:$B$65,$B67)-F65-F64 -> 0 | H67: =SUMIFS(H$58:H$65,$B$58:$B$65,$B67)-G65-G64 -> -2592893.5 | I67: =SUMIFS(I$58:I$65,$B$58:$B$65,$B67)-H65-H64 -> -4641288.6 | J67: =SUMIFS(J$58:J$65,$B$58:$B$65,$B67)-I65-I64 -> -4868119 | K67: =SUMIFS(K$58:K$65,$B$58:$B$65,$B67)-J65-J64 -> -4872347.2 | L67: =SUMIFS(L$58:L$65,$B$58:$B$65,$B67)-K65-K64 -> -4876660.1 | M67: =SUMIFS(M$58:M$65,$B$58:$B$65,$B67)-L65-L64 -> -4881059.2 | ... AL67: =SUMIFS(AL$58:AL$65,$B$58:$B$65,$B67)-AK65-AK64 -> -368075.89
A68: Cashflow po platbe | B68: HMBA | D68: =E68+NPV($K$5,F68:AK68) -> 1181959.8 | E68: =SUMIFS(E$58:E$65,$B$58:$B$65,$B68) -> 0 | F68: =SUMIFS(F$58:F$65,$B$58:$B$65,$B68) -> 0 | G68: =SUMIFS(G$58:G$65,$B$58:$B$65,$B68) -> 0 | H68: =SUMIFS(H$58:H$65,$B$58:$B$65,$B68) -> 0 | I68: =SUMIFS(I$58:I$65,$B$58:$B$65,$B68) -> -318670.1 | J68: =SUMIFS(J$58:J$65,$B$58:$B$65,$B68) -> -283364.35 | K68: =SUMIFS(K$58:K$65,$B$58:$B$65,$B68) -> -247352.49 | L68: =SUMIFS(L$58:L$65,$B$58:$B$65,$B68) -> -210620.38 | ... AL68: =SUMIFS(AL$58:AL$65,$B$58:$B$65,$B68) -> -357928.83

Sheet navratkach_HMBA
A1: Genericky investicny CF model
A2: Na jednom harku aby sa dal lahko kopirovat
A4: Predpoklady
A5: Nazov projektu | B5: Antolska | D5: Pocet bytov (najomne byvanie) | E5: 331 | G5: Urokova sadzba SFRB | H5: 0.01 | J5: Urokova sadzba HMBA | K5: 0.04
A6: Stavebne naklady s DPH | B6: -55465374 | D6: Rozloha bytov (najomne byvanie) | E6: 19887 | G6: Maturita SFRB (roky) | H6: 40 | J6: Maturita HMBA (roky) | K6: 25
A7: Aplikovana sadzba DPH pre stavebne naklady | B7: 0.23 | D7: Jednotkove naklady bez DPH (eur/m2) | E7: =B8/E6 -> -2267.5014 | G7: Podiel dotacie/SFRB | H7: 0.4 | J7: Urokova sadzba BOB | K7: 0.06
A8: Stavebne naklady bez DPH | B8: =B6/(1+$B$7) -> -45093800 | D8: Podiel bytov vhodnych na dotaciu/SFRB | E8: 1 | G8: Dotacny strop na m2 BOB | H8: 1980 | J8: Maturita BOB (roky, prevadzka) | K8: 25
A9: Investor | B9: HMBA | D9: NFA (m2) | E9: 22097 | G9: Dotacny strop na m2 HMBA | H9: 2140
M10: Relevantny HMBA uver | N10: =IF($B$9="BOB",N12,N11) -> 17163012
A11: DPH pre BOB | B11: 0.05 | D11: Najomne bytov/mesiac/m2 | E11: 7 | G11: SFRB+dotacia HMBA model | H11: =MIN(H9,-$E$7)*$E$6*0.9 -> 38302362 | J11: Frekvencia CAPEX obnovy | K11: 10 | M11: Potreba uveru HMBA (HMBA model) | N11: =-B8*(1+$B$12)-H11 -> 17163012
A12: DPH pre HMBA | B12: 0.23 | D12: Najomne nebytov/mesiac/m2 | E12: 2.5 | G12: SFRB+dotacia BOB model | H12: =MIN(H8,-$E$7)*$E$6 -> 39376260 | J12: Percento CAPEX obnovy | K12: 0.05 | M12: Potreba uveru HMBA (BOB model) | N12: =MAX(N13-H12,0) -> 0
A13: Indexacia najomneho p.a. | B13: 0.02 | D13: Fond oprav mesiac/m2 | E13: 1.5 | G13: Prijem z najomneho 1. rok (vratane fondu oprav, byty) | H13: =(E11+E13)*E6*12 -> 2028474 | J13: Tvorba fondu na CAPEX opravy | K13: 0.007 | M13: Kupna cena od BOBu | N13: =MAX((-SUM(E44:AL44)+SUMIFS(E24:AL24,E18:AL18,">0"))*(1+B11)*(1+K14),0) -> 0
A14: Trvanie vystavby (roky) | B14: 4 | D14: Naklady na spravu a prevadkzu s DPH (/m2/rok) | E14: -11.3 | G14: Prijem z najomneho 1. rok (vratane fondu oprav, nebyty) | H14: =(E9-E6)*E12*12 -> 66300 | J14: Ziskova marza pre BOB | K14: 0.05 | M14: Overhead OPEX pre BOB / byt | N14: -1100
A16: Cashflow
A18: Fazovanie vystavby | E18: =IF(E$19<=ROUNDDOWN($B$14,0),(ROUNDDOWN($B$14,0)/$B$14)/ROUNDDOWN($B$14,0),IF(E$19=ROUNDUP($B$14,0),1-SUM($D$18:D18),0)) -> 0.25 | F18: =IF(F$19<=ROUNDDOWN($B$14,0),(ROUNDDOWN($B$14,0)/$B$14)/ROUNDDOWN($B$14,0),IF(F$19=ROUNDUP($B$14,0),1-SUM($D$18:E18),0)) -> 0.25 | G18: =IF(G$19<=ROUNDDOWN($B$14,0),(ROUNDDOWN($B$14,0)/$B$14)/ROUNDDOWN($B$14,0),IF(G$19=ROUNDUP($B$14,0),1-SUM($D$18:F18),0)) -> 0.25 | H18: =IF(H$19<=ROUNDDOWN($B$14,0),(ROUNDDOWN($B$14,0)/$B$14)/ROUNDDOWN($B$14,0),IF(H$19=ROUNDUP($B$14,0),1-SUM($D$18:G18),0)) -> 0.25 | I18: =IF(I$19<=ROUNDDOWN($B$14,0),(ROUNDDOWN($B$14,0)/$B$14)/ROUNDDOWN($B$14,0),IF(I$19=ROUNDUP($B$14,0),1-SUM($D$18:H18),0)) -> 0 | J18: =IF(J$19<=ROUNDDOWN($B$14,0),(ROUNDDOWN($B$14,0)/$B$14)/ROUNDDOWN($B$14,0),IF(J$19=ROUNDUP($B$14,0),1-SUM($D$18:I18),0)) -> 0 | K18: =IF(K$19<=ROUNDDOWN($B$14,0),(ROUNDDOWN($B$14,0)/$B$14)/ROUNDDOWN($B$14,0),IF(K$19=ROUNDUP($B$14,0),1-SUM($D$18:J18),0)) -> 0 | L18: =IF(L$19<=ROUNDDOWN($B$14,0),(ROUNDDOWN($B$14,0)/$B$14)/ROUNDDOWN($B$14,0),IF(L$19=ROUNDUP($B$14,0),1-SUM($D$18:K18),0)) -> 0 | M18: =IF(M$19<=ROUNDDOWN($B$14,0),(ROUNDDOWN($B$14,0)/$B$14)/ROUNDDOWN($B$14,0),IF(M$19=ROUNDUP($B$14,0),1-SUM($D$18:L18),0)) -> 0
A19: Polozka | B19: Vlastnik polozky | C19: DPH | D19: PV | E19: 1 | F19: 2 | G19: 3 | H19: 4 | I19: 5 | J19: 6 | K19: 7 | L19: 8 | M19: 9 | N19: 10 | O19: 11 | P19: 12 | Q19: 13 | R19: 14 | S19: 15 | T19: 16 | U19: 17 | V19: 18 | W19: 19 | X19: 20 | Y19: 21 | Z19: 22 | AA19: 23 | AB19: 24 | AC19: 25 | AD19: 26 | AE19: 27 | AF19: 28 | AG19: 29 | AH19: 30 | AI19: 31 | AJ19: 32 | AK19: 33 | AL19: 34
A20: Naklady bez DPH
A21: CAPEX vystavba | B21: =$B$9 -> HMBA | C21: =B21="BOB" -> FALSE | D21: =E21+NPV($K$5,F21:AK21) -> -52346709 | E21: =IF($B21="BOB",$B$8,$B$6)*E$18 -> -13866344 | F21: =IF($B21="BOB",$B$8,$B$6)*F$18 -> -13866344 | G21: =IF($B21="BOB",$B$8,$B$6)*G$18 -> -13866344 | H21: =IF($B21="BOB",$B$8,$B$6)*H$18 -> -13866344 | I21: =IF($B21="BOB",$B$8,$B$6)*I$18 -> 0 | J21: =IF($B21="BOB",$B$8,$B$6)*J$18 -> 0 | K21: =IF($B21="BOB",$B$8,$B$6)*K$18 -> 0 | L21: =IF($B21="BOB",$B$8,$B$6)*L$18 -> 0 | ... AL21: =IF($B21="BOB",$B$8,$B$6)*AL$18 -> 0
A22: CAPEX obnova | B22: HMBA | C22: =B22="BOB" -> FALSE | D22: =E22+NPV($K$5,F22:AK22) -> -2790741.5 | E22: =IF(E$19<($K$11+ROUNDUP($B$14,0)),0,IF(MOD(E$19-ROUNDUP($B$14,0),$K$11)=0,$B$6*$K$12*POWER(1+$B$13,E$19-ROUNDUP(E19,0)),0)) -> 0 | F22: =IF(F$19<($K$11+ROUNDUP($B$14,0)),0,IF(MOD(F$19-ROUNDUP($B$14,0),$K$11)=0,$B$6*$K$12*POWER(1+$B$13,F$19-ROUNDUP(F19,0)),0)) -> 0 | G22: =IF(G$19<($K$11+ROUNDUP($B$14,0)),0,IF(MOD(G$19-ROUNDUP($B$14,0),$K$11)=0,$B$6*$K$12*POWER(1+$B$13,G$19-ROUNDUP(G19,0)),0)) -> 0 | H22: =IF(H$19<($K$11+ROUNDUP($B$14,0)),0,IF(MOD(H$19-ROUNDUP($B$14,0),$K$11)=0,$B$6*$K$12*POWER(1+$B$13,H$19-ROUNDUP(H19,0)),0)) -> 0 | I22: =IF(I$19<($K$11+ROUNDUP($B$14,0)),0,IF(MOD(I$19-ROUNDUP($B$14,0),$K$11)=0,$B$6*$K$12*POWER(1+$B$13,I$19-ROUNDUP(I19,0)),0)) -> 0 | J22: =IF(J$19<($K$11+ROUNDUP($B$14,0)),0,IF(MOD(J$19-ROUNDUP($B$14,0),$K$11)=0,$B$6*$K$12*POWER(1+$B$13,J$19-ROUNDUP(J19,0)),0)) -> 0 | K22: =IF(K$19<($K$11+ROUNDUP($B$14,0)),0,IF(MOD(K$19-ROUNDUP($B$14,0),$K$11)=0,$B$6*$K$12*POWER(1+$B$13,K$19-ROUNDUP(K19,0)),0)) -> 0 | L22: =IF(L$19<($K$11+ROUNDUP($B$14,0)),0,IF(MOD(L$19-ROUNDUP($B$14,0),$K$11)=0,$B$6*$K$12*POWER(1+$B$13,L$19-ROUNDUP(L19,0)),0)) -> 0 | ... AL22: =IF(AL$19<($K$11+ROUNDUP($B$14,0)),0,IF(MOD(AL$19-ROUNDUP($B$14,0),$K$11)=0,$B$6*$K$12*POWER(1+$B$13,AL$19-ROUNDUP(AL19,0)),0)) -> -2773268.7
A24: DPH na vstupe | B24: BOB | D24: =E24+NPV($K$5,F24:AK24) -> 0 | E24: =SUMIFS(E$21:E$23,$C$21:$C$23,TRUE)*$B$12 -> 0 | F24: =SUMIFS(F$21:F$23,$C$21:$C$23,TRUE)*$B$12 -> 0 | G24: =SUMIFS(G$21:G$23,$C$21:$C$23,TRUE)*$B$12 -> 0 | H24: =SUMIFS(H$21:H$23,$C$21:$C$23,TRUE)*$B$12 -> 0 | I24: =SUMIFS(I$21:I$23,$C$21:$C$23,TRUE)*$B$12 -> 0 | J24: =SUMIFS(J$21:J$23,$C$21:$C$23,TRUE)*$B$12 -> 0 | K24: =SUMIFS(K$21:K$23,$C$21:$C$23,TRUE)*$B$12 -> 0 | L24: =SUMIFS(L$21:L$23,$C$21:$C$23,TRUE)*$B$12 -> 0 | ... AL24: =SUMIFS(AL$21:AL$23,$C$21:$C$23,TRUE)*$B$12 -> 0
A26: Najomne a fond oprav
A27: Prijem z najomneho byty | B27: HMBA | C27: FALSE | D27: =E27+NPV($K$5,F27:AK27) -> 39599188 | E27: =IF(E19>$B$14,$H$13*POWER(1+$B$13,E$19-$B$14),0)*(1-(($B$14-ROUNDDOWN($B$14,0))*IF(E$19=ROUNDUP($B$14,0),1,0))) -> 0 | F27: =IF(F19>$B$14,$H$13*POWER(1+$B$13,F$19-$B$14),0)*(1-(($B$14-ROUNDDOWN($B$14,0))*IF(F$19=ROUNDUP($B$14,0),1,0))) -> 0 | G27: =IF(G19>$B$14,$H$13*POWER(1+$B$13,G$19-$B$14),0)*(1-(($B$14-ROUNDDOWN($B$14,0))*IF(G$19=ROUNDUP($B$14,0),1,0))) -> 0 | H27: =IF(H19>$B$14,$H$13*POWER(1+$B$13,H$19-$B$14),0)*(1-(($B$14-ROUNDDOWN($B$14,0))*IF(H$19=ROUNDUP($B$14,0),1,0))) -> 0 | I27: =IF(I19>$B$14,$H$13*POWER(1+$B$13,I$19-$B$14),0)*(1-(($B$14-ROUNDDOWN($B$14,0))*IF(I$19=ROUNDUP($B$14,0),1,0))) -> 2069043.5 | J27: =IF(J19>$B$14,$H$13*POWER(1+$B$13,J$19-$B$14),0)*(1-(($B$14-ROUNDDOWN($B$14,0))*IF(J$19=ROUNDUP($B$14,0),1,0))) -> 2110424.3 | K27: =IF(K19>$B$14,$H$13*POWER(1+$B$13,K$19-$B$14),0)*(1-(($B$14-ROUNDDOWN($B$14,0))*IF(K$19=ROUNDUP($B$14,0),1,0))) -> 2152632.8 | L27: =IF(L19>$B$14,$H$13*POWER(1+$B$13,L$19-$B$14),0)*(1-(($B$14-ROUNDDOWN($B$14,0))*IF(L$19=ROUNDUP($B$14,0),1,0))) -> 2195685.5 | ... AL27: =IF(AL19>$B$14,$H$13*POWER(1+$B$13,AL$19-$B$14),0)*(1-(($B$14-ROUNDDOWN($B$14,0))*IF(AL$19=ROUNDUP($B$14,0),1,0))) -> 3674299.9
A28: Prijem z najomneho nebyty | B28: HMBA | C28: FALSE | D28: =E28+NPV($K$5,F28:AK28) -> 1294286.3 | E28: =IF(E19>$B$14,$H$14*POWER(1+$B$13,E$19-$B$14),0)*(1-(($B$14-ROUNDDOWN($B$14,0))*IF(E$19=ROUNDUP($B$14,0),1,0))) -> 0 | F28: =IF(F19>$B$14,$H$14*POWER(1+$B$13,F$19-$B$14),0)*(1-(($B$14-ROUNDDOWN($B$14,0))*IF(F$19=ROUNDUP($B$14,0),1,0))) -> 0 | G28: =IF(G19>$B$14,$H$14*POWER(1+$B$13,G$19-$B$14),0)*(1-(($B$14-ROUNDDOWN($B$14,0))*IF(G$19=ROUNDUP($B$14,0),1,0))) -> 0 | H28: =IF(H19>$B$14,$H$14*POWER(1+$B$13,H$19-$B$14),0)*(1-(($B$14-ROUNDDOWN($B$14,0))*IF(H$19=ROUNDUP($B$14,0),1,0))) -> 0 | I28: =IF(I19>$B$14,$H$14*POWER(1+$B$13,I$19-$B$14),0)*(1-(($B$14-ROUNDDOWN($B$14,0))*IF(I$19=ROUNDUP($B$14,0),1,0))) -> 67626 | J28: =IF(J19>$B$14,$H$14*POWER(1+$B$13,J$19-$B$14),0)*(1-(($B$14-ROUNDDOWN($B$14,0))*IF(J$19=ROUNDUP($B$14,0),1,0))) -> 68978.52 | K28: =IF(K19>$B$14,$H$14*POWER(1+$B$13,K$19-$B$14),0)*(1-(($B$14-ROUNDDOWN($B$14,0))*IF(K$19=ROUNDUP($B$14,0),1,0))) -> 70358.09 | L28: =IF(L19>$B$14,$H$14*POWER(1+$B$13,L$19-$B$14),0)*(1-(($B$14-ROUNDDOWN($B$14,0))*IF(L$19=ROUNDUP($B$14,0),1,0))) -> 71765.252 | ... AL28: =IF(AL19>$B$14,$H$14*POWER(1+$B$13,AL$19-$B$14),0)*(1-(($B$14-ROUNDDOWN($B$14,0))*IF(AL$19=ROUNDUP($B$14,0),1,0))) -> 120093.27
A29: Tvorba fondu oprav na CAPEX | C29: FALSE | D29: =E29+NPV($K$5,F29:AK29) -> -7579434.8 | E29: =IF(E27>0,$B$6*$K$13*POWER(1+$B$13,E$19-$B$14),0) -> 0 | F29: =IF(F27>0,$B$6*$K$13*POWER(1+$B$13,F$19-$B$14),0) -> 0 | G29: =IF(G27>0,$B$6*$K$13*POWER(1+$B$13,G$19-$B$14),0) -> 0 | H29: =IF(H27>0,$B$6*$K$13*POWER(1+$B$13,H$19-$B$14),0) -> 0 | I29: =IF(I27>0,$B$6*$K$13*POWER(1+$B$13,I$19-$B$14),0) -> -396022.77 | J29: =IF(J27>0,$B$6*$K$13*POWER(1+$B$13,J$19-$B$14),0) -> -403943.23 | K29: =IF(K27>0,$B$6*$K$13*POWER(1+$B$13,K$19-$B$14),0) -> -412022.09 | L29: =IF(L27>0,$B$6*$K$13*POWER(1+$B$13,L$19-$B$14),0) -> -420262.53 | ... AL29: =IF(AL27>0,$B$6*$K$13*POWER(1+$B$13,AL$19-$B$14),0) -> -703274.93
A30: Cerpanie fondu oprav na CAPEX | C30: FALSE | D30: =E30+NPV($K$5,F30:AK30) -> 2790741.5 | E30: =-E22 -> 0 | F30: =-F22 -> 0 | G30: =-G22 -> 0 | H30: =-H22 -> 0 | I30: =-I22 -> 0 | J30: =-J22 -> 0 | K30: =-K22 -> 0 | L30: =-L22 -> 0 | ... AL30: =-AL22 -> 2773268.7
A31: Zostatok fondu oprav na CAPEX | E31: 0 | F31: =E31-F29-F30 -> 0 | G31: =F31-G29-G30 -> 0 | H31: =G31-H29-H30 -> 0 | I31: =H31-I29-I30 -> 396022.77 | J31: =I31-J29-J30 -> 799966 | K31: =J31-K29-K30 -> 1211988.1 | L31: =K31-L29-L30 -> 1632250.6 | M31: =L31-M29-M30 -> 2060918.4 | ... AL31: =AK31-AL29-AL30 -> 7746077
A33: Financovanie
A34: Cerpanie komercneho uveru (bullet) | B34: BOB | C34: FALSE | D34: =E34+NPV($K$5,F34:AK34) -> 0 | E34: =IF($B$21="BOB",IF(E18>0,-E21-E24,0),0) -> 0 | F34: =IF($B$21="BOB",IF(F18>0,-F21-F24,0),0) -> 0 | G34: =IF($B$21="BOB",IF(G18>0,-G21-G24,0),0) -> 0 | H34: =IF($B$21="BOB",IF(H18>0,-H21-H24,0),0) -> 0 | I34: =IF($B$21="BOB",IF(I18>0,-I21-I24,0),0) -> 0 | J34: =IF($B$21="BOB",IF(J18>0,-J21-J24,0),0) -> 0 | K34: =IF($B$21="BOB",IF(K18>0,-K21-K24,0),0) -> 0 | L34: =IF($B$21="BOB",IF(L18>0,-L21-L24,0),0) -> 0 | ... AL34: =IF($B$21="BOB",IF(AL18>0,-AL21-AL24,0),0) -> 0
A35: Dotacia SFRB | B35: HMBA | C35: FALSE | D35: =E35+NPV($K$5,F35:AK35) -> 13620264 | E35: =IF(E$19=ROUNDUP($B$14,0),IF($B$21="BOB",$H$12,$H$11)*$H$7,0) -> 0 | F35: =IF(F$19=ROUNDUP($B$14,0),IF($B$21="BOB",$H$12,$H$11)*$H$7,0) -> 0 | G35: =IF(G$19=ROUNDUP($B$14,0),IF($B$21="BOB",$H$12,$H$11)*$H$7,0) -> 0 | H35: =IF(H$19=ROUNDUP($B$14,0),IF($B$21="BOB",$H$12,$H$11)*$H$7,0) -> 15320945 | I35: =IF(I$19=ROUNDUP($B$14,0),IF($B$21="BOB",$H$12,$H$11)*$H$7,0) -> 0 | J35: =IF(J$19=ROUNDUP($B$14,0),IF($B$21="BOB",$H$12,$H$11)*$H$7,0) -> 0 | K35: =IF(K$19=ROUNDUP($B$14,0),IF($B$21="BOB",$H$12,$H$11)*$H$7,0) -> 0 | L35: =IF(L$19=ROUNDUP($B$14,0),IF($B$21="BOB",$H$12,$H$11)*$H$7,0) -> 0 | ... AL35: =IF(AL$19=ROUNDUP($B$14,0),IF($B$21="BOB",$H$12,$H$11)*$H$7,0) -> 0
A36: Uver SFRB | B36: HMBA | C36: FALSE | D36: =E36+NPV($K$5,F36:AK36) -> 20430396 | E36: =IF(E$19=ROUNDUP($B$14,0),IF($B$21="BOB",$H$12,$H$11)*(1-$H$7),0) -> 0 | F36: =IF(F$19=ROUNDUP($B$14,0),IF($B$21="BOB",$H$12,$H$11)*(1-$H$7),0) -> 0 | G36: =IF(G$19=ROUNDUP($B$14,0),IF($B$21="BOB",$H$12,$H$11)*(1-$H$7),0) -> 0 | H36: =IF(H$19=ROUNDUP($B$14,0),IF($B$21="BOB",$H$12,$H$11)*(1-$H$7),0) -> 22981417 | I36: =IF(I$19=ROUNDUP($B$14,0),IF($B$21="BOB",$H$12,$H$11)*(1-$H$7),0) -> 0 | J36: =IF(J$19=ROUNDUP($B$14,0),IF($B$21="BOB",$H$12,$H$11)*(1-$H$7),0) -> 0 | K36: =IF(K$19=ROUNDUP($B$14,0),IF($B$21="BOB",$H$12,$H$11)*(1-$H$7),0) -> 0 | L36: =IF(L$19=ROUNDUP($B$14,0),IF($B$21="BOB",$H$12,$H$11)*(1-$H$7),0) -> 0 | ... AL36: =IF(AL$19=ROUNDUP($B$14,0),IF($B$21="BOB",$H$12,$H$11)*(1-$H$7),0) -> 0
A37: Uver HMBA | B37: HMBA | C37: FALSE | D37: =E37+NPV($K$5,F37:AK37) -> 15257855 | E37: =IF(E$19=ROUNDUP($B$14,0),$N$10,0) -> 0 | F37: =IF(F$19=ROUNDUP($B$14,0),$N$10,0) -> 0 | G37: =IF(G$19=ROUNDUP($B$14,0),$N$10,0) -> 0 | H37: =IF(H$19=ROUNDUP($B$14,0),$N$10,0) -> 17163012 | I37: =IF(I$19=ROUNDUP($B$14,0),$N$10,0) -> 0 | J37: =IF(J$19=ROUNDUP($B$14,0),$N$10,0) -> 0 | K37: =IF(K$19=ROUNDUP($B$14,0),$N$10,0) -> 0 | L37: =IF(L$19=ROUNDUP($B$14,0),$N$10,0) -> 0 | ... AL37: =IF(AL$19=ROUNDUP($B$14,0),$N$10,0) -> 0
A38: Kupa bytov do vlastnictva HMBA | B38: HMBA | C38: FALSE | D38: =E38+NPV($K$5,F38:AK38) -> 0 | E38: =IF($B$21="BOB",IF(E$19=ROUNDUP($B$14,0),-$H$12-$N$12,0),0) -> 0 | F38: =IF($B$21="BOB",IF(F$19=ROUNDUP($B$14,0),-$H$12-$N$12,0),0) -> 0 | G38: =IF($B$21="BOB",IF(G$19=ROUNDUP($B$14,0),-$H$12-$N$12,0),0) -> 0 | H38: =IF($B$21="BOB",IF(H$19=ROUNDUP($B$14,0),-$H$12-$N$12,0),0) -> 0 | I38: =IF($B$21="BOB",IF(I$19=ROUNDUP($B$14,0),-$H$12-$N$12,0),0) -> 0 | J38: =IF($B$21="BOB",IF(J$19=ROUNDUP($B$14,0),-$H$12-$N$12,0),0) -> 0 | K38: =IF($B$21="BOB",IF(K$19=ROUNDUP($B$14,0),-$H$12-$N$12,0),0) -> 0 | L38: =IF($B$21="BOB",IF(L$19=ROUNDUP($B$14,0),-$H$12-$N$12,0),0) -> 0 | ... AL38: =IF($B$21="BOB",IF(AL$19=ROUNDUP($B$14,0),-$H$12-$N$12,0),0) -> 0
A39: Prijem z predaja bytov | B39: BOB | C39: TRUE | D39: =E39+NPV($K$5,F39:AK39) -> 0 | E39: =-E38/(1+$B$11) -> 0 | F39: =-F38/(1+$B$11) -> 0 | G39: =-G38/(1+$B$11) -> 0 | H39: =-H38/(1+$B$11) -> 0 | I39: =-I38/(1+$B$11) -> 0 | J39: =-J38/(1+$B$11) -> 0 | K39: =-K38/(1+$B$11) -> 0 | L39: =-L38/(1+$B$11) -> 0 | ... AL39: =-AL38/(1+$B$11) -> 0
A40: DPH na vystupe | B40: BOB | D40: =E40+NPV($K$5,F40:AK40) -> 0 | E40: =SUMIFS(E$34:E$39,$C$34:$C$39,TRUE)*$B$11 -> 0 | F40: =SUMIFS(F$34:F$39,$C$34:$C$39,TRUE)*$B$11 -> 0 | G40: =SUMIFS(G$34:G$39,$C$34:$C$39,TRUE)*$B$11 -> 0 | H40: =SUMIFS(H$34:H$39,$C$34:$C$39,TRUE)*$B$11 -> 0 | I40: =SUMIFS(I$34:I$39,$C$34:$C$39,TRUE)*$B$11 -> 0 | J40: =SUMIFS(J$34:J$39,$C$34:$C$39,TRUE)*$B$11 -> 0 | K40: =SUMIFS(K$34:K$39,$C$34:$C$39,TRUE)*$B$11 -> 0 | L40: =SUMIFS(L$34:L$39,$C$34:$C$39,TRUE)*$B$11 -> 0 | ... AL40: =SUMIFS(AL$34:AL$39,$C$34:$C$39,TRUE)*$B$11 -> 0
A42: Dlhova sluzba
A43: Kapitalizacia urokov komercneho uveru | B43: FALSE | C43: FALSE | E43: =E34*0.5*$K$7*IF(E18=0,0,1) -> 0 | F43: =(SUM($E$34:E34)+F34*0.5)*$K$7*IF(F18=0,0,1) -> 0 | G43: =(SUM($E$34:F34)+G34*0.5)*$K$7*IF(G18=0,0,1) -> 0 | H43: =(SUM($E$34:G34)+H34*0.5)*$K$7*IF(H18=0,0,1) -> 0 | I43: =(SUM($E$34:H34)+I34*0.5)*$K$7*IF(I18=0,0,1) -> 0 | J43: =(SUM($E$34:I34)+J34*0.5)*$K$7*IF(J18=0,0,1) -> 0 | K43: =(SUM($E$34:J34)+K34*0.5)*$K$7*IF(K18=0,0,1) -> 0 | L43: =(SUM($E$34:K34)+L34*0.5)*$K$7*IF(L18=0,0,1) -> 0 | M43: =(SUM($E$34:L34)+M34*0.5)*$K$7*IF(M18=0,0,1) -> 0 | ... AL43: =(SUM($E$34:AK34)+AL34*0.5)*$K$7*IF(AL18=0,0,1) -> 0
A44: Splatka komercneho uveru | B44: BOB | C44: FALSE | D44: =E44+NPV($K$5,F44:AK44) -> 0 | E44: =-IF(E19=ROUNDUP($B$14,0),SUM($E$34:$AL$34,$E$43:$AL$43),0) -> 0 | F44: =-IF(F19=ROUNDUP($B$14,0),SUM($E$34:$AL$34,$E$43:$AL$43),0) -> 0 | G44: =-IF(G19=ROUNDUP($B$14,0),SUM($E$34:$AL$34,$E$43:$AL$43),0) -> 0 | H44: =-IF(H19=ROUNDUP($B$14,0),SUM($E$34:$AL$34,$E$43:$AL$43),0) -> 0 | I44: =-IF(I19=ROUNDUP($B$14,0),SUM($E$34:$AL$34,$E$43:$AL$43),0) -> 0 | J44: =-IF(J19=ROUNDUP($B$14,0),SUM($E$34:$AL$34,$E$43:$AL$43),0) -> 0 | K44: =-IF(K19=ROUNDUP($B$14,0),SUM($E$34:$AL$34,$E$43:$AL$43),0) -> 0 | L44: =-IF(L19=ROUNDUP($B$14,0),SUM($E$34:$AL$34,$E$43:$AL$43),0) -> 0 | ... AL44: =-IF(AL19=ROUNDUP($B$14,0),SUM($E$34:$AL$34,$E$43:$AL$43),0) -> 0
A45: Splatka uveru HMBA (istina) | B45: HMBA | C45: FALSE | D45: =E45+NPV($K$5,F45:AK45) -> -8806996.4 | E45: =IF(E$19>ROUNDUP($B$14,0),IF(E46<>-0.01,PPMT($K$5,E$19-ROUNDUP($B$14,0),$K$6,$N$10),0.01),0) -> 0 | F45: =IF(F$19>ROUNDUP($B$14,0),IF(F46<>-0.01,PPMT($K$5,F$19-ROUNDUP($B$14,0),$K$6,$N$10),0.01),0) -> 0 | G45: =IF(G$19>ROUNDUP($B$14,0),IF(G46<>-0.01,PPMT($K$5,G$19-ROUNDUP($B$14,0),$K$6,$N$10),0.01),0) -> 0 | H45: =IF(H$19>ROUNDUP($B$14,0),IF(H46<>-0.01,PPMT($K$5,H$19-ROUNDUP($B$14,0),$K$6,$N$10),0.01),0) -> 0 | I45: =IF(I$19>ROUNDUP($B$14,0),IF(I46<>-0.01,PPMT($K$5,I$19-ROUNDUP($B$14,0),$K$6,$N$10),0.01),0) -> -412117.61 | J45: =IF(J$19>ROUNDUP($B$14,0),IF(J46<>-0.01,PPMT($K$5,J$19-ROUNDUP($B$14,0),$K$6,$N$10),0.01),0) -> -428602.31 | K45: =IF(K$19>ROUNDUP($B$14,0),IF(K46<>-0.01,PPMT($K$5,K$19-ROUNDUP($B$14,0),$K$6,$N$10),0.01),0) -> -445746.4 | L45: =IF(L$19>ROUNDUP($B$14,0),IF(L46<>-0.01,PPMT($K$5,L$19-ROUNDUP($B$14,0),$K$6,$N$10),0.01),0) -> -463576.26 | ... AL45: =IF(AL$19>ROUNDUP($B$14,0),IF(AL46<>-0.01,PPMT($K$5,AL$19-ROUNDUP($B$14,0),$K$6,$N$10),0.01),0) -> 0.01
A46: Splatka uveru HMBA (uroky) | B46: HMBA | C46: FALSE | D46: =E46+NPV($K$5,F46:AK46) -> -6450858.8 | E46: =IF(E$19>ROUNDUP($B$14,0),IFERROR(IPMT($K$5,E$19-ROUNDUP($B$14,0),$K$6,$N$10),-0.01),0) -> 0 | F46: =IF(F$19>ROUNDUP($B$14,0),IFERROR(IPMT($K$5,F$19-ROUNDUP($B$14,0),$K$6,$N$10),-0.01),0) -> 0 | G46: =IF(G$19>ROUNDUP($B$14,0),IFERROR(IPMT($K$5,G$19-ROUNDUP($B$14,0),$K$6,$N$10),-0.01),0) -> 0 | H46: =IF(H$19>ROUNDUP($B$14,0),IFERROR(IPMT($K$5,H$19-ROUNDUP($B$14,0),$K$6,$N$10),-0.01),0) -> 0 | I46: =IF(I$19>ROUNDUP($B$14,0),IFERROR(IPMT($K$5,I$19-ROUNDUP($B$14,0),$K$6,$N$10),-0.01),0) -> -686520.48 | J46: =IF(J$19>ROUNDUP($B$14,0),IFERROR(IPMT($K$5,J$19-ROUNDUP($B$14,0),$K$6,$N$10),-0.01),0) -> -670035.78 | K46: =IF(K$19>ROUNDUP($B$14,0),IFERROR(IPMT($K$5,K$19-ROUNDUP($B$14,0),$K$6,$N$10),-0.01),0) -> -652891.68 | L46: =IF(L$19>ROUNDUP($B$14,0),IFERROR(IPMT($K$5,L$19-ROUNDUP($B$14,0),$K$6,$N$10),-0.01),0) -> -635061.83 | ... AL46: =IF(AL$19>ROUNDUP($B$14,0),IFERROR(IPMT($K$5,AL$19-ROUNDUP($B$14,0),$K$6,$N$10),-0.01),0) -> -0.01
A47: Splatka uveru SFRB (istina) | B47: HMBA | C47: FALSE | D47: =E47+NPV($K$5,F47:AK47) -> -7969510.5 | E47: =IF(E$19>ROUNDUP($B$14,0),IF(E48<>-0.01,PPMT($H$5,E$19-ROUNDUP($B$14,0),$H$6,IF($B$9="BOB",$H$12,$H$11)*(1-$H$7)),0.01),0) -> 0 | F47: =IF(F$19>ROUNDUP($B$14,0),IF(F48<>-0.01,PPMT($H$5,F$19-ROUNDUP($B$14,0),$H$6,IF($B$9="BOB",$H$12,$H$11)*(1-$H$7)),0.01),0) -> 0 | G47: =IF(G$19>ROUNDUP($B$14,0),IF(G48<>-0.01,PPMT($H$5,G$19-ROUNDUP($B$14,0),$H$6,IF($B$9="BOB",$H$12,$H$11)*(1-$H$7)),0.01),0) -> 0 | H47: =IF(H$19>ROUNDUP($B$14,0),IF(H48<>-0.01,PPMT($H$5,H$19-ROUNDUP($B$14,0),$H$6,IF($B$9="BOB",$H$12,$H$11)*(1-$H$7)),0.01),0) -> 0 | I47: =IF(I$19>ROUNDUP($B$14,0),IF(I48<>-0.01,PPMT($H$5,I$19-ROUNDUP($B$14,0),$H$6,IF($B$9="BOB",$H$12,$H$11)*(1-$H$7)),0.01),0) -> -470098.63 | J47: =IF(J$19>ROUNDUP($B$14,0),IF(J48<>-0.01,PPMT($H$5,J$19-ROUNDUP($B$14,0),$H$6,IF($B$9="BOB",$H$12,$H$11)*(1-$H$7)),0.01),0) -> -474799.62 | K47: =IF(K$19>ROUNDUP($B$14,0),IF(K48<>-0.01,PPMT($H$5,K$19-ROUNDUP($B$14,0),$H$6,IF($B$9="BOB",$H$12,$H$11)*(1-$H$7)),0.01),0) -> -479547.61 | L47: =IF(L$19>ROUNDUP($B$14,0),IF(L48<>-0.01,PPMT($H$5,L$19-ROUNDUP($B$14,0),$H$6,IF($B$9="BOB",$H$12,$H$11)*(1-$H$7)),0.01),0) -> -484343.09 | ... AL47: =IF(AL$19>ROUNDUP($B$14,0),IF(AL48<>-0.01,PPMT($H$5,AL$19-ROUNDUP($B$14,0),$H$6,IF($B$9="BOB",$H$12,$H$11)*(1-$H$7)),0.01),0) -> -627348.45
A48: Splatka uveru SFRB (uroky) | B48: HMBA | C48: FALSE | D48: =E48+NPV($K$5,F48:AK48) -> -2598095.3 | E48: =IF(E$19>ROUNDUP($B$14,0),IFERROR(IPMT($H$5,E$19-ROUNDUP($B$14,0),$H$6,IF($B$9="BOB",$H$12,$H$11)*(1-$H$7)),-0.01),0) -> 0 | F48: =IF(F$19>ROUNDUP($B$14,0),IFERROR(IPMT($H$5,F$19-ROUNDUP($B$14,0),$H$6,IF($B$9="BOB",$H$12,$H$11)*(1-$H$7)),-0.01),0) -> 0 | G48: =IF(G$19>ROUNDUP($B$14,0),IFERROR(IPMT($H$5,G$19-ROUNDUP($B$14,0),$H$6,IF($B$9="BOB",$H$12,$H$11)*(1-$H$7)),-0.01),0) -> 0 | H48: =IF(H$19>ROUNDUP($B$14,0),IFERROR(IPMT($H$5,H$19-ROUNDUP($B$14,0),$H$6,IF($B$9="BOB",$H$12,$H$11)*(1-$H$7)),-0.01),0) -> 0 | I48: =IF(I$19>ROUNDUP($B$14,0),IFERROR(IPMT($H$5,I$19-ROUNDUP($B$14,0),$H$6,IF($B$9="BOB",$H$12,$H$11)*(1-$H$7)),-0.01),0) -> -229814.17 | J48: =IF(J$19>ROUNDUP($B$14,0),IFERROR(IPMT($H$5,J$19-ROUNDUP($B$14,0),$H$6,IF($B$9="BOB",$H$12,$H$11)*(1-$H$7)),-0.01),0) -> -225113.19 | K48: =IF(K$19>ROUNDUP($B$14,0),IFERROR(IPMT($H$5,K$19-ROUNDUP($B$14,0),$H$6,IF($B$9="BOB",$H$12,$H$11)*(1-$H$7)),-0.01),0) -> -220365.19 | L48: =IF(L$19>ROUNDUP($B$14,0),IFERROR(IPMT($H$5,L$19-ROUNDUP($B$14,0),$H$6,IF($B$9="BOB",$H$12,$H$11)*(1-$H$7)),-0.01),0) -> -215569.71 | ... AL48: =IF(AL$19>ROUNDUP($B$14,0),IFERROR(IPMT($H$5,AL$19-ROUNDUP($B$14,0),$H$6,IF($B$9="BOB",$H$12,$H$11)*(1-$H$7)),-0.01),0) -> -72564.357
A50: Prevadzkovy uver BOB (refinanc bulletu)
A51: DPH vratka/platba | C51: FALSE | D51: =E51+NPV($K$5,F51:AK51) -> 0 | E51: 0 | F51: =-E24-E40 -> 0 | G51: =-F24-F40 -> 0 | H51: =-G24-G40 -> 0 | I51: =-H24-H40 -> 0 | J51: =-I24-I40 -> 0 | K51: =-J24-J40 -> 0 | L51: =-K24-K40 -> 0 | M51: =-L24-L40 -> 0 | ... AL51: =-AK24-AK40 -> 0
A52: Cashflow pocas vystavby | B52: HMBA | C52: FALSE | D52: =E52+NPV($K$5,F52:AK52) -> 35064540 | E52: =SUMIFS(E$21:E$40,$B$21:$B$40,$B52)+E51 -> -13866344 | F52: =SUMIFS(F$21:F$40,$B$21:$B$40,$B52)+F51 -> -13866344 | G52: =SUMIFS(G$21:G$40,$B$21:$B$40,$B52)+G51 -> -13866344 | H52: =SUMIFS(H$21:H$40,$B$21:$B$40,$B52)+H51 -> 41599030 | I52: =SUMIFS(I$21:I$40,$B$21:$B$40,$B52)+I51 -> 2136669.5 | J52: =SUMIFS(J$21:J$40,$B$21:$B$40,$B52)+J51 -> 2179402.9 | K52: =SUMIFS(K$21:K$40,$B$21:$B$40,$B52)+K51 -> 2222990.9 | L52: =SUMIFS(L$21:L$40,$B$21:$B$40,$B52)+L51 -> 2267450.7 | ... AL52: =SUMIFS(AL$21:AL$40,$B$21:$B$40,$B52)+AL51 -> 1021124.5
A53: Nacerpanie uveru | B53: BOB | C53: FALSE | D53: =E53+NPV($K$5,F53:AK53) -> 0 | E53: =IF(E19=ROUNDUP($B$14,0),-MIN(0,E52+E44),0) -> 0 | F53: =IF(F19=ROUNDUP($B$14,0),-MIN(0,F52+F44),0) -> 0 | G53: =IF(G19=ROUNDUP($B$14,0),-MIN(0,G52+G44),0) -> 0 | H53: =IF(H19=ROUNDUP($B$14,0),-MIN(0,H52+H44),0) -> 0 | I53: =IF(I19=ROUNDUP($B$14,0),-MIN(0,I52+I44),0) -> 0 | J53: =IF(J19=ROUNDUP($B$14,0),-MIN(0,J52+J44),0) -> 0 | K53: =IF(K19=ROUNDUP($B$14,0),-MIN(0,K52+K44),0) -> 0 | L53: =IF(L19=ROUNDUP($B$14,0),-MIN(0,L52+L44),0) -> 0 | ... AL53: =IF(AL19=ROUNDUP($B$14,0),-MIN(0,AL52+AL44),0) -> 0
A54: Splatka uveru BOB (istina) | B54: BOB | C54: FALSE | D54: =E54+NPV($K$5,F54:AK54) -> 0.012104883 | E54: =IF(E$19>ROUNDUP($B$14,0),IF(E55<>-0.01,PPMT($K$7,E$19-ROUNDUP($B$14,0),$K$8,SUM($E$53:$AL$53)),0.01),0) -> 0 | F54: =IF(F$19>ROUNDUP($B$14,0),IF(F55<>-0.01,PPMT($K$7,F$19-ROUNDUP($B$14,0),$K$8,SUM($E$53:$AL$53)),0.01),0) -> 0 | G54: =IF(G$19>ROUNDUP($B$14,0),IF(G55<>-0.01,PPMT($K$7,G$19-ROUNDUP($B$14,0),$K$8,SUM($E$53:$AL$53)),0.01),0) -> 0 | H54: =IF(H$19>ROUNDUP($B$14,0),IF(H55<>-0.01,PPMT($K$7,H$19-ROUNDUP($B$14,0),$K$8,SUM($E$53:$AL$53)),0.01),0) -> 0 | I54: =IF(I$19>ROUNDUP($B$14,0),IF(I55<>-0.01,PPMT($K$7,I$19-ROUNDUP($B$14,0),$K$8,SUM($E$53:$AL$53)),0.01),0) -> 0 | J54: =IF(J$19>ROUNDUP($B$14,0),IF(J55<>-0.01,PPMT($K$7,J$19-ROUNDUP($B$14,0),$K$8,SUM($E$53:$AL$53)),0.01),0) -> 0 | K54: =IF(K$19>ROUNDUP($B$14,0),IF(K55<>-0.01,PPMT($K$7,K$19-ROUNDUP($B$14,0),$K$8,SUM($E$53:$AL$53)),0.01),0) -> 0 | L54: =IF(L$19>ROUNDUP($B$14,0),IF(L55<>-0.01,PPMT($K$7,L$19-ROUNDUP($B$14,0),$K$8,SUM($E$53:$AL$53)),0.01),0) -> 0 | ... AL54: =IF(AL$19>ROUNDUP($B$14,0),IF(AL55<>-0.01,PPMT($K$7,AL$19-ROUNDUP($B$14,0),$K$8,SUM($E$53:$AL$53)),0.01),0) -> 0.01
A55: Splatka uveru BOB (urok) | B55: BOB | C55: FALSE | D55: =E55+NPV($K$5,F55:AK55) -> -0.012104883 | E55: =IF(E$19>ROUNDUP($B$14,0),IFERROR(IPMT($K$7,E$19-ROUNDUP($B$14,0),$K$8,SUM($E$53:$AL$53)),-0.01),0) -> 0 | F55: =IF(F$19>ROUNDUP($B$14,0),IFERROR(IPMT($K$7,F$19-ROUNDUP($B$14,0),$K$8,SUM($E$53:$AL$53)),-0.01),0) -> 0 | G55: =IF(G$19>ROUNDUP($B$14,0),IFERROR(IPMT($K$7,G$19-ROUNDUP($B$14,0),$K$8,SUM($E$53:$AL$53)),-0.01),0) -> 0 | H55: =IF(H$19>ROUNDUP($B$14,0),IFERROR(IPMT($K$7,H$19-ROUNDUP($B$14,0),$K$8,SUM($E$53:$AL$53)),-0.01),0) -> 0 | I55: =IF(I$19>ROUNDUP($B$14,0),IFERROR(IPMT($K$7,I$19-ROUNDUP($B$14,0),$K$8,SUM($E$53:$AL$53)),-0.01),0) -> 0 | J55: =IF(J$19>ROUNDUP($B$14,0),IFERROR(IPMT($K$7,J$19-ROUNDUP($B$14,0),$K$8,SUM($E$53:$AL$53)),-0.01),0) -> 0 | K55: =IF(K$19>ROUNDUP($B$14,0),IFERROR(IPMT($K$7,K$19-ROUNDUP($B$14,0),$K$8,SUM($E$53:$AL$53)),-0.01),0) -> 0 | L55: =IF(L$19>ROUNDUP($B$14,0),IFERROR(IPMT($K$7,L$19-ROUNDUP($B$14,0),$K$8,SUM($E$53:$AL$53)),-0.01),0) -> 0 | ... AL55: =IF(AL$19>ROUNDUP($B$14,0),IFERROR(IPMT($K$7,AL$19-ROUNDUP($B$14,0),$K$8,SUM($E$53:$AL$53)),-0.01),0) -> -0.01
A57: OPEX
A58: Cashflow pred platbou | B58: BOB | C58: FALSE | D58: =E58+NPV($K$5,F58:AK58) -> 0 | E58: =SUMIFS(E$52:E$55,$B$52:$B$55,$B$58)+SUMIFS(E$44:E$48,$B$44:$B$48,$B$58) -> 0 | F58: =SUMIFS(F$52:F$55,$B$52:$B$55,$B$58)+SUMIFS(F$44:F$48,$B$44:$B$48,$B$58) -> 0 | G58: =SUMIFS(G$52:G$55,$B$52:$B$55,$B$58)+SUMIFS(G$44:G$48,$B$44:$B$48,$B$58) -> 0 | H58: =SUMIFS(H$52:H$55,$B$52:$B$55,$B$58)+SUMIFS(H$44:H$48,$B$44:$B$48,$B$58) -> 0 | I58: =SUMIFS(I$52:I$55,$B$52:$B$55,$B$58)+SUMIFS(I$44:I$48,$B$44:$B$48,$B$58) -> 0 | J58: =SUMIFS(J$52:J$55,$B$52:$B$55,$B$58)+SUMIFS(J$44:J$48,$B$44:$B$48,$B$58) -> 0 | K58: =SUMIFS(K$52:K$55,$B$52:$B$55,$B$58)+SUMIFS(K$44:K$48,$B$44:$B$48,$B$58) -> 0 | L58: =SUMIFS(L$52:L$55,$B$52:$B$55,$B$58)+SUMIFS(L$44:L$48,$B$44:$B$48,$B$58) -> 0 | ... AL58: =SUMIFS(AL$52:AL$55,$B$52:$B$55,$B$58)+SUMIFS(AL$44:AL$48,$B$44:$B$48,$B$58) -> 0
A59: Cashflow pred platbou | B59: HMBA | C59: FALSE | D59: =E59+NPV($K$5,F59:AK59) -> 9239078.7 | E59: =SUMIFS(E$21:E$48,$B$21:$B$48,$B$59) -> -13866344 | F59: =SUMIFS(F$21:F$48,$B$21:$B$48,$B$59) -> -13866344 | G59: =SUMIFS(G$21:G$48,$B$21:$B$48,$B$59) -> -13866344 | H59: =SUMIFS(H$21:H$48,$B$21:$B$48,$B$59) -> 41599030 | I59: =SUMIFS(I$21:I$48,$B$21:$B$48,$B$59) -> 338118.59 | J59: =SUMIFS(J$21:J$48,$B$21:$B$48,$B$59) -> 380851.98 | K59: =SUMIFS(K$21:K$48,$B$21:$B$48,$B$59) -> 424440.04 | L59: =SUMIFS(L$21:L$48,$B$21:$B$48,$B$59) -> 468899.86 | ... AL59: =SUMIFS(AL$21:AL$48,$B$21:$B$48,$B$59) -> 321211.65
A60: Poplatok za spravu (platba od HMBA) | B60: HMBA | C60: FALSE | D60: =E60+NPV($K$5,F60:AK60) -> 0 | E60: =IF($B$9="BOB",IF(E$18=0,E58,IF(F$18=0,(F58/(1+$B$13))*(ROUNDUP($B$14,0)-$B$14),0))*(1+$K$14),0) -> 0 | F60: =IF($B$9="BOB",IF(F$18=0,F58,IF(G$18=0,(G58/(1+$B$13))*(ROUNDUP($B$14,0)-$B$14),0))*(1+$K$14),0) -> 0 | G60: =IF($B$9="BOB",IF(G$18=0,G58,IF(H$18=0,(H58/(1+$B$13))*(ROUNDUP($B$14,0)-$B$14),0))*(1+$K$14),0) -> 0 | H60: =IF($B$9="BOB",IF(H$18=0,H58,IF(I$18=0,(I58/(1+$B$13))*(ROUNDUP($B$14,0)-$B$14),0))*(1+$K$14),0) -> 0 | I60: =IF($B$9="BOB",IF(I$18=0,I58,IF(J$18=0,(J58/(1+$B$13))*(ROUNDUP($B$14,0)-$B$14),0))*(1+$K$14),0) -> 0 | J60: =IF($B$9="BOB",IF(J$18=0,J58,IF(K$18=0,(K58/(1+$B$13))*(ROUNDUP($B$14,0)-$B$14),0))*(1+$K$14),0) -> 0 | K60: =IF($B$9="BOB",IF(K$18=0,K58,IF(L$18=0,(L58/(1+$B$13))*(ROUNDUP($B$14,0)-$B$14),0))*(1+$K$14),0) -> 0 | L60: =IF($B$9="BOB",IF(L$18=0,L58,IF(M$18=0,(M58/(1+$B$13))*(ROUNDUP($B$14,0)-$B$14),0))*(1+$K$14),0) -> 0 | ... AL60: =IF($B$9="BOB",IF(AL$18=0,AL58,IF(AM$18=0,(AM58/(1+$B$13))*(ROUNDUP($B$14,0)-$B$14),0))*(1+$K$14),0) -> 0
A61: Prijem poplatku za spravu | B61: HMBA | C61: =B61="BOB" -> FALSE | D61: =E61+NPV($K$5,F61:AK61) -> 0 | E61: =-E60/(1+$B$11) -> 0 | F61: =-F60/(1+$B$11) -> 0 | G61: =-G60/(1+$B$11) -> 0 | H61: =-H60/(1+$B$11) -> 0 | I61: =-I60/(1+$B$11) -> 0 | J61: =-J60/(1+$B$11) -> 0 | K61: =-K60/(1+$B$11) -> 0 | L61: =-L60/(1+$B$11) -> 0 | ... AL61: =-AL60/(1+$B$11) -> 0
A62: Naklady (udrzba bytov) | B62: =B21 -> HMBA | C62: =B62="BOB" -> FALSE | D62: =E62+NPV($K$5,F62:AK62) -> -4874483.4 | E62: =IF(E19>$B$14,$E$14*$E$9*POWER(1+$B$13,E$19-ROUNDUP($B$14,0)),0)*IF(E$18=0,1,ROUNDUP($B$14,0)-$B$14)*IF($C62,1/(1+$B$7),1) -> 0 | F62: =IF(F19>$B$14,$E$14*$E$9*POWER(1+$B$13,F$19-ROUNDUP($B$14,0)),0)*IF(F$18=0,1,ROUNDUP($B$14,0)-$B$14)*IF($C62,1/(1+$B$7),1) -> 0 | G62: =IF(G19>$B$14,$E$14*$E$9*POWER(1+$B$13,G$19-ROUNDUP($B$14,0)),0)*IF(G$18=0,1,ROUNDUP($B$14,0)-$B$14)*IF($C62,1/(1+$B$7),1) -> 0 | H62: =IF(H19>$B$14,$E$14*$E$9*POWER(1+$B$13,H$19-ROUNDUP($B$14,0)),0)*IF(H$18=0,1,ROUNDUP($B$14,0)-$B$14)*IF($C62,1/(1+$B$7),1) -> 0 | I62: =IF(I19>$B$14,$E$14*$E$9*POWER(1+$B$13,I$19-ROUNDUP($B$14,0)),0)*IF(I$18=0,1,ROUNDUP($B$14,0)-$B$14)*IF($C62,1/(1+$B$7),1) -> -254690.02 | J62: =IF(J19>$B$14,$E$14*$E$9*POWER(1+$B$13,J$19-ROUNDUP($B$14,0)),0)*IF(J$18=0,1,ROUNDUP($B$14,0)-$B$14)*IF($C62,1/(1+$B$7),1) -> -259783.82 | K62: =IF(K19>$B$14,$E$14*$E$9*POWER(1+$B$13,K$19-ROUNDUP($B$14,0)),0)*IF(K$18=0,1,ROUNDUP($B$14,0)-$B$14)*IF($C62,1/(1+$B$7),1) -> -264979.5 | L62: =IF(L19>$B$14,$E$14*$E$9*POWER(1+$B$13,L$19-ROUNDUP($B$14,0)),0)*IF(L$18=0,1,ROUNDUP($B$14,0)-$B$14)*IF($C62,1/(1+$B$7),1) -> -270279.09 | ... AL62: =IF(AL19>$B$14,$E$14*$E$9*POWER(1+$B$13,AL$19-ROUNDUP($B$14,0)),0)*IF(AL$18=0,1,ROUNDUP($B$14,0)-$B$14)*IF($C62,1/(1+$B$7),1) -> -452289.92
A63: Naklady (overhead) | B63: =B22 -> HMBA | C63: FALSE | D63: =E63+NPV($K$5,F63:AK63) -> -7107837.9 | E63: =IF(E19>$B$14,$N$14*$E$5*POWER(1+$B$13,E$19-ROUNDUP($B$14,0)),0)*IF(E$18=0,1,ROUNDUP($B$14,0)-$B$14) -> 0 | F63: =IF(F19>$B$14,$N$14*$E$5*POWER(1+$B$13,F$19-ROUNDUP($B$14,0)),0)*IF(F$18=0,1,ROUNDUP($B$14,0)-$B$14) -> 0 | G63: =IF(G19>$B$14,$N$14*$E$5*POWER(1+$B$13,G$19-ROUNDUP($B$14,0)),0)*IF(G$18=0,1,ROUNDUP($B$14,0)-$B$14) -> 0 | H63: =IF(H19>$B$14,$N$14*$E$5*POWER(1+$B$13,H$19-ROUNDUP($B$14,0)),0)*IF(H$18=0,1,ROUNDUP($B$14,0)-$B$14) -> 0 | I63: =IF(I19>$B$14,$N$14*$E$5*POWER(1+$B$13,I$19-ROUNDUP($B$14,0)),0)*IF(I$18=0,1,ROUNDUP($B$14,0)-$B$14) -> -371382 | J63: =IF(J19>$B$14,$N$14*$E$5*POWER(1+$B$13,J$19-ROUNDUP($B$14,0)),0)*IF(J$18=0,1,ROUNDUP($B$14,0)-$B$14) -> -378809.64 | K63: =IF(K19>$B$14,$N$14*$E$5*POWER(1+$B$13,K$19-ROUNDUP($B$14,0)),0)*IF(K$18=0,1,ROUNDUP($B$14,0)-$B$14) -> -386385.83 | L63: =IF(L19>$B$14,$N$14*$E$5*POWER(1+$B$13,L$19-ROUNDUP($B$14,0)),0)*IF(L$18=0,1,ROUNDUP($B$14,0)-$B$14) -> -394113.55 | ... AL63: =IF(AL19>$B$14,$N$14*$E$5*POWER(1+$B$13,AL$19-ROUNDUP($B$14,0)),0)*IF(AL$18=0,1,ROUNDUP($B$14,0)-$B$14) -> -659516.75
A64: DPH na vystupe | B64: BOB | D64: =E64+NPV($K$5,F64:AK64) -> 0 | E64: =E61*$B$11 -> 0 | F64: =F61*$B$11 -> 0 | G64: =G61*$B$11 -> 0 | H64: =H61*$B$11 -> 0 | I64: =I61*$B$11 -> 0 | J64: =J61*$B$11 -> 0 | K64: =K61*$B$11 -> 0 | L64: =L61*$B$11 -> 0 | ... AL64: =AL61*$B$11 -> 0
A65: DPH na vstupe | B65: BOB | D65: =E65+NPV($K$5,F65:AK65) -> -243724.17 | E65: =E62*$B$11 -> 0 | F65: =F62*$B$11 -> 0 | G65: =G62*$B$11 -> 0 | H65: =H62*$B$11 -> 0 | I65: =I62*$B$11 -> -12734.501 | J65: =J62*$B$11 -> -12989.191 | K65: =K62*$B$11 -> -13248.975 | L65: =L62*$B$11 -> -13513.954 | ... AL65: =AL62*$B$11 -> -22614.496
A67: Cashflow po platbe | B67: BOB | D67: =E67+NPV($K$5,F67:AK67) -> -15450.969 | E67: =SUMIFS(E$58:E$65,$B$58:$B$65,$B67) -> 0 | F67: =SUMIFS(F$58:F$65,$B$58:$B$65,$B67)-E65-E64 -> 0 | G67: =SUMIFS(G$58:G$65,$B$58:$B$65,$B67)-F65-F64 -> 0 | H67: =SUMIFS(H$58:H$65,$B$58:$B$65,$B67)-G65-G64 -> 0 | I67: =SUMIFS(I$58:I$65,$B$58:$B$65,$B67)-H65-H64 -> -12734.501 | J67: =SUMIFS(J$58:J$65,$B$58:$B$65,$B67)-I65-I64 -> -254.69002 | K67: =SUMIFS(K$58:K$65,$B$58:$B$65,$B67)-J65-J64 -> -259.78382 | L67: =SUMIFS(L$58:L$65,$B$58:$B$65,$B67)-K65-K64 -> -264.9795 | M67: =SUMIFS(M$58:M$65,$B$58:$B$65,$B67)-L65-L64 -> -270.27909 | ... AL67: =SUMIFS(AL$58:AL$65,$B$58:$B$65,$B67)-AK65-AK64 -> -443.42149
A68: Cashflow po platbe | B68: HMBA | D68: =E68+NPV($K$5,F68:AK68) -> -2743242.7 | E68: =SUMIFS(E$58:E$65,$B$58:$B$65,$B68) -> -13866344 | F68: =SUMIFS(F$58:F$65,$B$58:$B$65,$B68) -> -13866344 | G68: =SUMIFS(G$58:G$65,$B$58:$B$65,$B68) -> -13866344 | H68: =SUMIFS(H$58:H$65,$B$58:$B$65,$B68) -> 41599030 | I68: =SUMIFS(I$58:I$65,$B$58:$B$65,$B68) -> -287953.43 | J68: =SUMIFS(J$58:J$65,$B$58:$B$65,$B68) -> -257741.48 | K68: =SUMIFS(K$58:K$65,$B$58:$B$65,$B68) -> -226925.29 | L68: =SUMIFS(L$58:L$65,$B$58:$B$65,$B68) -> -195492.78 | ... AL68: =SUMIFS(AL$58:AL$65,$B$58:$B$65,$B68) -> -790595.03
